x,$N(x)$
-4.0,26
-3.999,26
-3.998,26
-3.997,26
-3.996,26
-3.995,26
-3.994,26
-3.993,26
-3.992,26
-3.991,26
-3.99,26
-3.989,26
-3.988,26
-3.987,26
-3.986,26
-3.985,26
-3.984,26
-3.983,26
-3.982,26
-3.981,26
-3.98,26
-3.979,26
-3.978,26
-3.977,26
-3.976,26
-3.975,26
-3.974,26
-3.973,26
-3.972,26
-3.971,26
-3.97,26
-3.969,26
-3.968,26
-3.967,26
-3.966,26
-3.965,26
-3.964,26
-3.963,26
-3.962,26
-3.961,26
-3.96,26
-3.959,26
-3.958,26
-3.957,25
-3.956,25
-3.955,25
-3.954,25
-3.953,25
-3.952,25
-3.951,25
-3.95,25
-3.949,25
-3.948,25
-3.947,25
-3.946,25
-3.945,25
-3.944,25
-3.943,25
-3.942,25
-3.941,25
-3.94,25
-3.939,25
-3.938,25
-3.937,25
-3.936,25
-3.935,25
-3.934,25
-3.933,25
-3.932,25
-3.931,25
-3.93,25
-3.929,25
-3.928,25
-3.927,25
-3.926,25
-3.925,25
-3.924,25
-3.923,25
-3.922,25
-3.921,25
-3.92,25
-3.919,25
-3.918,25
-3.917,25
-3.916,25
-3.915,25
-3.914,25
-3.913,25
-3.912,25
-3.911,25
-3.91,25
-3.909,25
-3.908,25
-3.907,25
-3.906,25
-3.905,25
-3.904,25
-3.903,25
-3.902,25
-3.901,25
-3.9,25
-3.899,25
-3.898,25
-3.897,25
-3.896,25
-3.895,25
-3.894,25
-3.893,25
-3.892,25
-3.891,25
-3.89,25
-3.889,25
-3.888,25
-3.887,25
-3.886,25
-3.885,25
-3.884,25
-3.883,25
-3.882,25
-3.881,25
-3.88,25
-3.879,25
-3.878,25
-3.877,25
-3.876,25
-3.875,25
-3.874,25
-3.873,25
-3.872,25
-3.871,25
-3.87,25
-3.869,25
-3.868,25
-3.867,25
-3.866,25
-3.865,25
-3.864,25
-3.863,25
-3.862,24
-3.861,24
-3.86,24
-3.859,24
-3.858,24
-3.857,24
-3.856,24
-3.855,24
-3.854,24
-3.853,24
-3.852,24
-3.851,24
-3.85,24
-3.849,24
-3.848,24
-3.847,24
-3.846,24
-3.845,24
-3.844,24
-3.843,24
-3.842,24
-3.841,24
-3.84,24
-3.839,24
-3.838,24
-3.837,24
-3.836,24
-3.835,24
-3.834,24
-3.833,24
-3.832,24
-3.831,24
-3.83,24
-3.829,24
-3.828,24
-3.827,24
-3.826,24
-3.825,24
-3.824,24
-3.823,24
-3.822,24
-3.821,24
-3.82,24
-3.819,24
-3.818,24
-3.817,24
-3.816,24
-3.815,24
-3.814,24
-3.813,24
-3.812,24
-3.811,24
-3.81,24
-3.809,24
-3.808,24
-3.807,24
-3.806,24
-3.805,24
-3.804,24
-3.803,24
-3.802,24
-3.801,24
-3.8,24
-3.799,24
-3.798,24
-3.797,24
-3.796,24
-3.795,24
-3.794,24
-3.793,24
-3.792,24
-3.791,24
-3.79,24
-3.789,24
-3.788,24
-3.787,24
-3.786,24
-3.785,24
-3.784,24
-3.783,24
-3.782,24
-3.781,24
-3.78,24
-3.779,24
-3.778,24
-3.777,24
-3.776,24
-3.775,24
-3.774,24
-3.773,24
-3.772,24
-3.771,24
-3.77,24
-3.769,24
-3.768,24
-3.767,24
-3.766,24
-3.765,24
-3.764,23
-3.763,23
-3.762,23
-3.761,23
-3.76,23
-3.759,23
-3.758,23
-3.757,23
-3.756,23
-3.755,23
-3.754,23
-3.753,23
-3.752,23
-3.751,23
-3.75,23
-3.749,23
-3.748,23
-3.747,23
-3.746,23
-3.745,23
-3.744,23
-3.743,23
-3.742,23
-3.741,23
-3.74,23
-3.739,23
-3.738,23
-3.737,23
-3.736,23
-3.735,23
-3.734,23
-3.733,23
-3.732,23
-3.731,23
-3.73,23
-3.729,23
-3.728,23
-3.727,23
-3.726,23
-3.725,23
-3.724,23
-3.723,23
-3.722,23
-3.721,23
-3.72,23
-3.719,23
-3.718,23
-3.717,23
-3.716,23
-3.715,23
-3.714,23
-3.713,23
-3.712,23
-3.711,23
-3.71,23
-3.709,23
-3.708,23
-3.707,23
-3.706,23
-3.705,23
-3.704,23
-3.703,23
-3.702,23
-3.701,23
-3.7,23
-3.699,23
-3.698,23
-3.697,23
-3.696,23
-3.695,23
-3.694,23
-3.693,23
-3.692,23
-3.691,23
-3.69,23
-3.689,23
-3.688,23
-3.687,23
-3.686,23
-3.685,23
-3.684,23
-3.683,23
-3.682,23
-3.681,23
-3.68,23
-3.679,23
-3.678,23
-3.677,23
-3.676,23
-3.675,23
-3.674,23
-3.673,23
-3.672,23
-3.671,23
-3.67,23
-3.669,23
-3.668,23
-3.667,23
-3.666,23
-3.665,23
-3.664,22
-3.663,22
-3.662,22
-3.661,22
-3.66,22
-3.659,22
-3.658,22
-3.657,22
-3.656,22
-3.655,22
-3.654,22
-3.653,22
-3.652,22
-3.651,22
-3.65,22
-3.649,22
-3.648,22
-3.647,22
-3.646,22
-3.645,22
-3.644,22
-3.643,22
-3.642,22
-3.641,22
-3.64,22
-3.639,22
-3.638,22
-3.637,22
-3.636,22
-3.635,22
-3.634,22
-3.633,22
-3.632,22
-3.631,22
-3.63,22
-3.629,22
-3.628,22
-3.627,22
-3.626,22
-3.625,22
-3.624,22
-3.623,22
-3.622,22
-3.621,22
-3.62,22
-3.619,22
-3.618,22
-3.617,22
-3.616,22
-3.615,22
-3.614,22
-3.613,22
-3.612,22
-3.611,22
-3.61,22
-3.609,22
-3.608,22
-3.607,22
-3.606,22
-3.605,22
-3.604,22
-3.603,22
-3.602,22
-3.601,22
-3.6,22
-3.599,22
-3.598,22
-3.597,22
-3.596,22
-3.595,22
-3.594,22
-3.593,22
-3.592,22
-3.591,22
-3.59,22
-3.589,22
-3.588,22
-3.587,22
-3.586,22
-3.585,22
-3.584,22
-3.583,22
-3.582,22
-3.581,22
-3.58,22
-3.579,22
-3.578,22
-3.577,22
-3.576,22
-3.575,22
-3.574,22
-3.573,22
-3.572,22
-3.571,22
-3.57,22
-3.569,22
-3.568,22
-3.567,22
-3.566,22
-3.565,22
-3.564,22
-3.563,22
-3.562,21
-3.561,21
-3.56,21
-3.559,21
-3.558,21
-3.557,21
-3.556,21
-3.555,21
-3.554,21
-3.553,21
-3.552,21
-3.551,21
-3.55,21
-3.549,21
-3.548,21
-3.547,21
-3.546,21
-3.545,21
-3.544,21
-3.543,21
-3.542,21
-3.541,21
-3.54,21
-3.539,21
-3.538,21
-3.537,21
-3.536,21
-3.535,21
-3.534,21
-3.533,21
-3.532,21
-3.531,21
-3.53,21
-3.529,21
-3.528,21
-3.527,21
-3.526,21
-3.525,21
-3.524,21
-3.523,21
-3.522,21
-3.521,21
-3.52,21
-3.519,21
-3.518,21
-3.517,21
-3.516,21
-3.515,21
-3.514,21
-3.513,21
-3.512,21
-3.511,21
-3.51,21
-3.509,21
-3.508,21
-3.507,21
-3.506,21
-3.505,21
-3.504,21
-3.503,21
-3.502,21
-3.501,21
-3.5,21
-3.499,21
-3.498,21
-3.497,21
-3.496,21
-3.495,21
-3.494,21
-3.493,21
-3.492,21
-3.491,21
-3.49,21
-3.489,21
-3.488,21
-3.487,21
-3.486,21
-3.485,21
-3.484,21
-3.483,21
-3.482,21
-3.481,21
-3.48,21
-3.479,21
-3.478,21
-3.477,21
-3.476,21
-3.475,21
-3.474,21
-3.473,21
-3.472,21
-3.471,21
-3.47,21
-3.469,21
-3.468,21
-3.467,21
-3.466,21
-3.465,21
-3.464,21
-3.463,21
-3.462,21
-3.461,21
-3.46,21
-3.459,21
-3.458,21
-3.457,21
-3.456,20
-3.455,20
-3.454,20
-3.453,20
-3.452,20
-3.451,20
-3.45,20
-3.449,20
-3.448,20
-3.447,20
-3.446,20
-3.445,20
-3.444,20
-3.443,20
-3.442,20
-3.441,20
-3.44,20
-3.439,20
-3.438,20
-3.437,20
-3.436,20
-3.435,20
-3.434,20
-3.433,20
-3.432,20
-3.431,20
-3.43,20
-3.429,20
-3.428,20
-3.427,20
-3.426,20
-3.425,20
-3.424,20
-3.423,20
-3.422,20
-3.421,20
-3.42,20
-3.419,20
-3.418,20
-3.417,20
-3.416,20
-3.415,20
-3.414,20
-3.413,20
-3.412,20
-3.411,20
-3.41,20
-3.409,20
-3.408,20
-3.407,20
-3.406,20
-3.405,20
-3.404,20
-3.403,20
-3.402,20
-3.401,20
-3.4,20
-3.399,20
-3.398,20
-3.397,20
-3.396,20
-3.395,20
-3.394,20
-3.393,20
-3.392,20
-3.391,20
-3.39,20
-3.389,20
-3.388,20
-3.387,20
-3.386,20
-3.385,20
-3.384,20
-3.383,20
-3.382,20
-3.381,20
-3.38,20
-3.379,20
-3.378,20
-3.377,20
-3.376,20
-3.375,20
-3.374,20
-3.373,20
-3.372,20
-3.371,20
-3.37,20
-3.369,20
-3.368,20
-3.367,20
-3.366,20
-3.365,20
-3.364,20
-3.363,20
-3.362,20
-3.361,20
-3.36,20
-3.359,20
-3.358,20
-3.357,20
-3.356,20
-3.355,20
-3.354,20
-3.353,20
-3.352,20
-3.351,20
-3.35,20
-3.349,20
-3.348,19
-3.347,19
-3.346,19
-3.345,19
-3.344,19
-3.343,19
-3.342,19
-3.341,19
-3.34,19
-3.339,19
-3.338,19
-3.337,19
-3.336,19
-3.335,19
-3.334,19
-3.333,19
-3.332,19
-3.331,19
-3.33,19
-3.329,19
-3.328,19
-3.327,19
-3.326,19
-3.325,19
-3.324,19
-3.323,19
-3.322,19
-3.321,19
-3.32,19
-3.319,19
-3.318,19
-3.317,19
-3.316,19
-3.315,19
-3.314,19
-3.313,19
-3.312,19
-3.311,19
-3.31,19
-3.309,19
-3.308,19
-3.307,19
-3.306,19
-3.305,19
-3.304,19
-3.303,19
-3.302,19
-3.301,19
-3.3,19
-3.299,19
-3.298,19
-3.297,19
-3.296,19
-3.295,19
-3.294,19
-3.293,19
-3.292,19
-3.291,19
-3.29,19
-3.289,19
-3.288,19
-3.287,19
-3.286,19
-3.285,19
-3.284,19
-3.283,19
-3.282,19
-3.281,19
-3.28,19
-3.279,19
-3.278,19
-3.277,19
-3.276,19
-3.275,19
-3.274,19
-3.273,19
-3.272,19
-3.271,19
-3.27,19
-3.269,19
-3.268,19
-3.267,19
-3.266,19
-3.265,19
-3.264,19
-3.263,19
-3.262,19
-3.261,19
-3.26,19
-3.259,19
-3.258,19
-3.257,19
-3.256,19
-3.255,19
-3.254,19
-3.253,19
-3.252,19
-3.251,19
-3.25,19
-3.249,19
-3.248,19
-3.247,19
-3.246,19
-3.245,19
-3.244,19
-3.243,19
-3.242,19
-3.241,19
-3.24,19
-3.239,19
-3.238,19
-3.237,19
-3.236,18
-3.235,18
-3.234,18
-3.233,18
-3.232,18
-3.231,18
-3.23,18
-3.229,18
-3.228,18
-3.227,18
-3.226,18
-3.225,18
-3.224,18
-3.223,18
-3.222,18
-3.221,18
-3.22,18
-3.219,18
-3.218,18
-3.217,18
-3.216,18
-3.215,18
-3.214,18
-3.213,18
-3.212,18
-3.211,18
-3.21,18
-3.209,18
-3.208,18
-3.207,18
-3.206,18
-3.205,18
-3.204,18
-3.203,18
-3.202,18
-3.201,18
-3.2,18
-3.199,18
-3.198,18
-3.197,18
-3.196,18
-3.195,18
-3.194,18
-3.193,18
-3.192,18
-3.191,18
-3.19,18
-3.189,18
-3.188,18
-3.187,18
-3.186,18
-3.185,18
-3.184,18
-3.183,18
-3.182,18
-3.181,18
-3.18,18
-3.179,18
-3.178,18
-3.177,18
-3.176,18
-3.175,18
-3.174,18
-3.173,18
-3.172,18
-3.171,18
-3.17,18
-3.169,18
-3.168,18
-3.167,18
-3.166,18
-3.165,18
-3.164,18
-3.163,18
-3.162,18
-3.161,18
-3.16,18
-3.159,18
-3.158,18
-3.157,18
-3.156,18
-3.155,18
-3.154,18
-3.153,18
-3.152,18
-3.151,18
-3.15,18
-3.149,18
-3.148,18
-3.147,18
-3.146,18
-3.145,18
-3.144,18
-3.143,18
-3.142,18
-3.141,18
-3.14,18
-3.139,18
-3.138,18
-3.137,18
-3.136,18
-3.135,18
-3.134,18
-3.133,18
-3.132,18
-3.131,18
-3.13,18
-3.129,18
-3.128,18
-3.127,18
-3.126,18
-3.125,18
-3.124,18
-3.123,18
-3.122,18
-3.121,18
-3.12,17
-3.119,17
-3.118,17
-3.117,17
-3.116,17
-3.115,17
-3.114,17
-3.113,17
-3.112,17
-3.111,17
-3.11,17
-3.109,17
-3.108,17
-3.107,17
-3.106,17
-3.105,17
-3.104,17
-3.103,17
-3.102,17
-3.101,17
-3.1,17
-3.099,17
-3.098,17
-3.097,17
-3.096,17
-3.095,17
-3.094,17
-3.093,17
-3.092,17
-3.091,17
-3.09,17
-3.089,17
-3.088,17
-3.087,17
-3.086,17
-3.085,17
-3.084,17
-3.083,17
-3.082,17
-3.081,17
-3.08,17
-3.079,17
-3.078,17
-3.077,17
-3.076,17
-3.075,17
-3.074,17
-3.073,17
-3.072,17
-3.071,17
-3.07,17
-3.069,17
-3.068,17
-3.067,17
-3.066,17
-3.065,17
-3.064,17
-3.063,17
-3.062,17
-3.061,17
-3.06,17
-3.059,17
-3.058,17
-3.057,17
-3.056,17
-3.055,17
-3.054,17
-3.053,17
-3.052,17
-3.051,17
-3.05,17
-3.049,17
-3.048,17
-3.047,17
-3.046,17
-3.045,17
-3.044,17
-3.043,17
-3.042,17
-3.041,17
-3.04,17
-3.039,17
-3.038,17
-3.037,17
-3.036,17
-3.035,17
-3.034,17
-3.033,17
-3.032,17
-3.031,17
-3.03,17
-3.029,17
-3.028,17
-3.027,17
-3.026,17
-3.025,17
-3.024,17
-3.023,17
-3.022,17
-3.021,17
-3.02,17
-3.019,17
-3.018,17
-3.017,17
-3.016,17
-3.015,17
-3.014,17
-3.013,17
-3.012,17
-3.011,17
-3.01,17
-3.009,17
-3.008,17
-3.007,17
-3.006,17
-3.005,17
-3.004,17
-3.003,17
-3.002,17
-3.001,16
-3.0,16
-2.999,16
-2.998,16
-2.997,16
-2.996,16
-2.995,16
-2.994,16
-2.993,16
-2.992,16
-2.991,16
-2.99,16
-2.989,16
-2.988,16
-2.987,16
-2.986,16
-2.985,16
-2.984,16
-2.983,16
-2.982,16
-2.981,16
-2.98,16
-2.979,16
-2.978,16
-2.977,16
-2.976,16
-2.975,16
-2.974,16
-2.973,16
-2.972,16
-2.971,16
-2.97,16
-2.969,16
-2.968,16
-2.967,16
-2.966,16
-2.965,16
-2.964,16
-2.963,16
-2.962,16
-2.961,16
-2.96,16
-2.959,16
-2.958,16
-2.957,16
-2.956,16
-2.955,16
-2.954,16
-2.953,16
-2.952,16
-2.951,16
-2.95,16
-2.949,16
-2.948,16
-2.947,16
-2.946,16
-2.945,16
-2.944,16
-2.943,16
-2.942,16
-2.941,16
-2.94,16
-2.939,16
-2.938,16
-2.937,16
-2.936,16
-2.935,16
-2.934,16
-2.933,16
-2.932,16
-2.931,16
-2.93,16
-2.929,16
-2.928,16
-2.927,16
-2.926,16
-2.925,16
-2.924,16
-2.923,16
-2.922,16
-2.921,16
-2.92,16
-2.919,16
-2.918,16
-2.917,16
-2.916,16
-2.915,16
-2.914,16
-2.913,16
-2.912,16
-2.911,16
-2.91,16
-2.909,16
-2.908,16
-2.907,16
-2.906,16
-2.905,16
-2.904,16
-2.903,16
-2.902,16
-2.901,16
-2.9,16
-2.899,16
-2.898,16
-2.897,16
-2.896,16
-2.895,16
-2.894,16
-2.893,16
-2.892,16
-2.891,16
-2.89,16
-2.889,16
-2.888,16
-2.887,16
-2.886,16
-2.885,16
-2.884,16
-2.883,16
-2.882,16
-2.881,16
-2.88,16
-2.879,16
-2.878,16
-2.877,15
-2.876,15
-2.875,15
-2.874,15
-2.873,15
-2.872,15
-2.871,15
-2.87,15
-2.869,15
-2.868,15
-2.867,15
-2.866,15
-2.865,15
-2.864,15
-2.863,15
-2.862,15
-2.861,15
-2.86,15
-2.859,15
-2.858,15
-2.857,15
-2.856,15
-2.855,15
-2.854,15
-2.853,15
-2.852,15
-2.851,15
-2.85,15
-2.849,15
-2.848,15
-2.847,15
-2.846,15
-2.845,15
-2.844,15
-2.843,15
-2.842,15
-2.841,15
-2.84,15
-2.839,15
-2.838,15
-2.837,15
-2.836,15
-2.835,15
-2.834,15
-2.833,15
-2.832,15
-2.831,15
-2.83,15
-2.829,15
-2.828,15
-2.827,15
-2.826,15
-2.825,15
-2.824,15
-2.823,15
-2.822,15
-2.821,15
-2.82,15
-2.819,15
-2.818,15
-2.817,15
-2.816,15
-2.815,15
-2.814,15
-2.813,15
-2.812,15
-2.811,15
-2.81,15
-2.809,15
-2.808,15
-2.807,15
-2.806,15
-2.805,15
-2.804,15
-2.803,15
-2.802,15
-2.801,15
-2.8,15
-2.799,15
-2.798,15
-2.797,15
-2.796,15
-2.795,15
-2.794,15
-2.793,15
-2.792,15
-2.791,15
-2.79,15
-2.789,15
-2.788,15
-2.787,15
-2.786,15
-2.785,15
-2.784,15
-2.783,15
-2.782,15
-2.781,15
-2.78,15
-2.779,15
-2.778,15
-2.777,15
-2.776,15
-2.775,15
-2.774,15
-2.773,15
-2.772,15
-2.771,15
-2.77,15
-2.769,15
-2.768,15
-2.767,15
-2.766,15
-2.765,15
-2.764,15
-2.763,15
-2.762,15
-2.761,15
-2.76,15
-2.759,15
-2.758,15
-2.757,15
-2.756,15
-2.755,15
-2.754,15
-2.753,15
-2.752,15
-2.751,15
-2.75,15
-2.749,15
-2.748,14
-2.747,14
-2.746,14
-2.745,14
-2.744,14
-2.743,14
-2.742,14
-2.741,14
-2.74,14
-2.739,14
-2.738,14
-2.737,14
-2.736,14
-2.735,14
-2.734,14
-2.733,14
-2.732,14
-2.731,14
-2.73,14
-2.729,14
-2.728,14
-2.727,14
-2.726,14
-2.725,14
-2.724,14
-2.723,14
-2.722,14
-2.721,14
-2.72,14
-2.719,14
-2.718,14
-2.717,14
-2.716,14
-2.715,14
-2.714,14
-2.713,14
-2.712,14
-2.711,14
-2.71,14
-2.709,14
-2.708,14
-2.707,14
-2.706,14
-2.705,14
-2.704,14
-2.703,14
-2.702,14
-2.701,14
-2.7,14
-2.699,14
-2.698,14
-2.697,14
-2.696,14
-2.695,14
-2.694,14
-2.693,14
-2.692,14
-2.691,14
-2.69,14
-2.689,14
-2.688,14
-2.687,14
-2.686,14
-2.685,14
-2.684,14
-2.683,14
-2.682,14
-2.681,14
-2.68,14
-2.679,14
-2.678,14
-2.677,14
-2.676,14
-2.675,14
-2.674,14
-2.673,14
-2.672,14
-2.671,14
-2.67,14
-2.669,14
-2.668,14
-2.667,14
-2.666,14
-2.665,14
-2.664,14
-2.663,14
-2.662,14
-2.661,14
-2.66,14
-2.659,14
-2.658,14
-2.657,14
-2.656,14
-2.655,14
-2.654,14
-2.653,14
-2.652,14
-2.651,14
-2.65,14
-2.649,14
-2.648,14
-2.647,14
-2.646,14
-2.645,14
-2.644,14
-2.643,14
-2.642,14
-2.641,14
-2.64,14
-2.639,14
-2.638,14
-2.637,14
-2.636,14
-2.635,14
-2.634,14
-2.633,14
-2.632,14
-2.631,14
-2.63,14
-2.629,14
-2.628,14
-2.627,14
-2.626,14
-2.625,14
-2.624,14
-2.623,14
-2.622,14
-2.621,14
-2.62,14
-2.619,14
-2.618,14
-2.617,14
-2.616,14
-2.615,14
-2.614,14
-2.613,13
-2.612,13
-2.611,13
-2.61,13
-2.609,13
-2.608,13
-2.607,13
-2.606,13
-2.605,13
-2.604,13
-2.603,13
-2.602,13
-2.601,13
-2.6,13
-2.599,13
-2.598,13
-2.597,13
-2.596,13
-2.595,13
-2.594,13
-2.593,13
-2.592,13
-2.591,13
-2.59,13
-2.589,13
-2.588,13
-2.587,13
-2.586,13
-2.585,13
-2.584,13
-2.583,13
-2.582,13
-2.581,13
-2.58,13
-2.579,13
-2.578,13
-2.577,13
-2.576,13
-2.575,13
-2.574,13
-2.573,13
-2.572,13
-2.571,13
-2.57,13
-2.569,13
-2.568,13
-2.567,13
-2.566,13
-2.565,13
-2.564,13
-2.563,13
-2.562,13
-2.561,13
-2.56,13
-2.559,13
-2.558,13
-2.557,13
-2.556,13
-2.555,13
-2.554,13
-2.553,13
-2.552,13
-2.551,13
-2.55,13
-2.549,13
-2.548,13
-2.547,13
-2.546,13
-2.545,13
-2.544,13
-2.543,13
-2.542,13
-2.541,13
-2.54,13
-2.539,13
-2.538,13
-2.537,13
-2.536,13
-2.535,13
-2.534,13
-2.533,13
-2.532,13
-2.531,13
-2.53,13
-2.529,13
-2.528,13
-2.527,13
-2.526,13
-2.525,13
-2.524,13
-2.523,13
-2.522,13
-2.521,13
-2.52,13
-2.519,13
-2.518,13
-2.517,13
-2.516,13
-2.515,13
-2.514,13
-2.513,13
-2.512,13
-2.511,13
-2.51,13
-2.509,13
-2.508,13
-2.507,13
-2.506,13
-2.505,13
-2.504,13
-2.503,13
-2.502,13
-2.501,13
-2.5,13
-2.499,13
-2.498,13
-2.497,13
-2.496,13
-2.495,13
-2.494,13
-2.493,13
-2.492,13
-2.491,13
-2.49,13
-2.489,13
-2.488,13
-2.487,13
-2.486,13
-2.485,13
-2.484,13
-2.483,13
-2.482,13
-2.481,13
-2.48,13
-2.479,13
-2.478,13
-2.477,13
-2.476,13
-2.475,13
-2.474,13
-2.473,12
-2.472,12
-2.471,12
-2.47,12
-2.469,12
-2.468,12
-2.467,12
-2.466,12
-2.465,12
-2.464,12
-2.463,12
-2.462,12
-2.461,12
-2.46,12
-2.459,12
-2.458,12
-2.457,12
-2.456,12
-2.455,12
-2.454,12
-2.453,12
-2.452,12
-2.451,12
-2.45,12
-2.449,12
-2.448,12
-2.447,12
-2.446,12
-2.445,12
-2.444,12
-2.443,12
-2.442,12
-2.441,12
-2.44,12
-2.439,12
-2.438,12
-2.437,12
-2.436,12
-2.435,12
-2.434,12
-2.433,12
-2.432,12
-2.431,12
-2.43,12
-2.429,12
-2.428,12
-2.427,12
-2.426,12
-2.425,12
-2.424,12
-2.423,12
-2.422,12
-2.421,12
-2.42,12
-2.419,12
-2.418,12
-2.417,12
-2.416,12
-2.415,12
-2.414,12
-2.413,12
-2.412,12
-2.411,12
-2.41,12
-2.409,12
-2.408,12
-2.407,12
-2.406,12
-2.405,12
-2.404,12
-2.403,12
-2.402,12
-2.401,12
-2.4,12
-2.399,12
-2.398,12
-2.397,12
-2.396,12
-2.395,12
-2.394,12
-2.393,12
-2.392,12
-2.391,12
-2.39,12
-2.389,12
-2.388,12
-2.387,12
-2.386,12
-2.385,12
-2.384,12
-2.383,12
-2.382,12
-2.381,12
-2.38,12
-2.379,12
-2.378,12
-2.377,12
-2.376,12
-2.375,12
-2.374,12
-2.373,12
-2.372,12
-2.371,12
-2.37,12
-2.369,12
-2.368,12
-2.367,12
-2.366,12
-2.365,12
-2.364,12
-2.363,12
-2.362,12
-2.361,12
-2.36,12
-2.359,12
-2.358,12
-2.357,12
-2.356,12
-2.355,12
-2.354,12
-2.353,12
-2.352,12
-2.351,12
-2.35,12
-2.349,12
-2.348,12
-2.347,12
-2.346,12
-2.345,12
-2.344,12
-2.343,12
-2.342,12
-2.341,12
-2.34,12
-2.339,12
-2.338,12
-2.337,12
-2.336,12
-2.335,12
-2.334,12
-2.333,12
-2.332,12
-2.331,12
-2.33,12
-2.329,12
-2.328,12
-2.327,12
-2.326,11
-2.325,11
-2.324,11
-2.323,11
-2.322,11
-2.321,11
-2.32,11
-2.319,11
-2.318,11
-2.317,11
-2.316,11
-2.315,11
-2.314,11
-2.313,11
-2.312,11
-2.311,11
-2.31,11
-2.309,11
-2.308,11
-2.307,11
-2.306,11
-2.305,11
-2.304,11
-2.303,11
-2.302,11
-2.301,11
-2.3,11
-2.299,11
-2.298,11
-2.297,11
-2.296,11
-2.295,11
-2.294,11
-2.293,11
-2.292,11
-2.291,11
-2.29,11
-2.289,11
-2.288,11
-2.287,11
-2.286,11
-2.285,11
-2.284,11
-2.283,11
-2.282,11
-2.281,11
-2.28,11
-2.279,11
-2.278,11
-2.277,11
-2.276,11
-2.275,11
-2.274,11
-2.273,11
-2.272,11
-2.271,11
-2.27,11
-2.269,11
-2.268,11
-2.267,11
-2.266,11
-2.265,11
-2.264,11
-2.263,11
-2.262,11
-2.261,11
-2.26,11
-2.259,11
-2.258,11
-2.257,11
-2.256,11
-2.255,11
-2.254,11
-2.253,11
-2.252,11
-2.251,11
-2.25,11
-2.249,11
-2.248,11
-2.247,11
-2.246,11
-2.245,11
-2.244,11
-2.243,11
-2.242,11
-2.241,11
-2.24,11
-2.239,11
-2.238,11
-2.237,11
-2.236,11
-2.235,11
-2.234,11
-2.233,11
-2.232,11
-2.231,11
-2.23,11
-2.229,11
-2.228,11
-2.227,11
-2.226,11
-2.225,11
-2.224,11
-2.223,11
-2.222,11
-2.221,11
-2.22,11
-2.219,11
-2.218,11
-2.217,11
-2.216,11
-2.215,11
-2.214,11
-2.213,11
-2.212,11
-2.211,11
-2.21,11
-2.209,11
-2.208,11
-2.207,11
-2.206,11
-2.205,11
-2.204,11
-2.203,11
-2.202,11
-2.201,11
-2.2,11
-2.199,11
-2.198,11
-2.197,11
-2.196,11
-2.195,11
-2.194,11
-2.193,11
-2.192,11
-2.191,11
-2.19,11
-2.189,11
-2.188,11
-2.187,11
-2.186,11
-2.185,11
-2.184,11
-2.183,11
-2.182,11
-2.181,11
-2.18,11
-2.179,11
-2.178,11
-2.177,11
-2.176,11
-2.175,11
-2.174,11
-2.173,11
-2.172,11
-2.171,10
-2.17,10
-2.169,10
-2.168,10
-2.167,10
-2.166,10
-2.165,10
-2.164,10
-2.163,10
-2.162,10
-2.161,10
-2.16,10
-2.159,10
-2.158,10
-2.157,10
-2.156,10
-2.155,10
-2.154,10
-2.153,10
-2.152,10
-2.151,10
-2.15,10
-2.149,10
-2.148,10
-2.147,10
-2.146,10
-2.145,10
-2.144,10
-2.143,10
-2.142,10
-2.141,10
-2.14,10
-2.139,10
-2.138,10
-2.137,10
-2.136,10
-2.135,10
-2.134,10
-2.133,10
-2.132,10
-2.131,10
-2.13,10
-2.129,10
-2.128,10
-2.127,10
-2.126,10
-2.125,10
-2.124,10
-2.123,10
-2.122,10
-2.121,10
-2.12,10
-2.119,10
-2.118,10
-2.117,10
-2.116,10
-2.115,10
-2.114,10
-2.113,10
-2.112,10
-2.111,10
-2.11,10
-2.109,10
-2.108,10
-2.107,10
-2.106,10
-2.105,10
-2.104,10
-2.103,10
-2.102,10
-2.101,10
-2.1,10
-2.099,10
-2.098,10
-2.097,10
-2.096,10
-2.095,10
-2.094,10
-2.093,10
-2.092,10
-2.091,10
-2.09,10
-2.089,10
-2.088,10
-2.087,10
-2.086,10
-2.085,10
-2.084,10
-2.083,10
-2.082,10
-2.081,10
-2.08,10
-2.079,10
-2.078,10
-2.077,10
-2.076,10
-2.075,10
-2.074,10
-2.073,10
-2.072,10
-2.071,10
-2.07,10
-2.069,10
-2.068,10
-2.067,10
-2.066,10
-2.065,10
-2.064,10
-2.063,10
-2.062,10
-2.061,10
-2.06,10
-2.059,10
-2.058,10
-2.057,10
-2.056,10
-2.055,10
-2.054,10
-2.053,10
-2.052,10
-2.051,10
-2.05,10
-2.049,10
-2.048,10
-2.047,10
-2.046,10
-2.045,10
-2.044,10
-2.043,10
-2.042,10
-2.041,10
-2.04,10
-2.039,10
-2.038,10
-2.037,10
-2.036,10
-2.035,10
-2.034,10
-2.033,10
-2.032,10
-2.031,10
-2.03,10
-2.029,10
-2.028,10
-2.027,10
-2.026,10
-2.025,10
-2.024,10
-2.023,10
-2.022,10
-2.021,10
-2.02,10
-2.019,10
-2.018,10
-2.017,10
-2.016,10
-2.015,10
-2.014,10
-2.013,10
-2.012,10
-2.011,10
-2.01,10
-2.009,10
-2.008,9
-2.007,9
-2.006,9
-2.005,9
-2.004,9
-2.003,9
-2.002,9
-2.001,9
-2.0,9
-1.999,9
-1.998,9
-1.997,9
-1.996,9
-1.995,9
-1.994,9
-1.993,9
-1.992,9
-1.991,9
-1.99,9
-1.989,9
-1.988,9
-1.987,9
-1.986,9
-1.985,9
-1.984,9
-1.983,9
-1.982,9
-1.981,9
-1.98,9
-1.979,9
-1.978,9
-1.977,9
-1.976,9
-1.975,9
-1.974,9
-1.973,9
-1.972,9
-1.971,9
-1.97,9
-1.969,9
-1.968,9
-1.967,9
-1.966,9
-1.965,9
-1.964,9
-1.963,9
-1.962,9
-1.961,9
-1.96,9
-1.959,9
-1.958,9
-1.957,9
-1.956,9
-1.955,9
-1.954,9
-1.953,9
-1.952,9
-1.951,9
-1.95,9
-1.949,9
-1.948,9
-1.947,9
-1.946,9
-1.945,9
-1.944,9
-1.943,9
-1.942,9
-1.941,9
-1.94,9
-1.939,9
-1.938,9
-1.937,9
-1.936,9
-1.935,9
-1.934,9
-1.933,9
-1.932,9
-1.931,9
-1.93,9
-1.929,9
-1.928,9
-1.927,9
-1.926,9
-1.925,9
-1.924,9
-1.923,9
-1.922,9
-1.921,9
-1.92,9
-1.919,9
-1.918,9
-1.917,9
-1.916,9
-1.915,9
-1.914,9
-1.913,9
-1.912,9
-1.911,9
-1.91,9
-1.909,9
-1.908,9
-1.907,9
-1.906,9
-1.905,9
-1.904,9
-1.903,9
-1.902,9
-1.901,9
-1.9,9
-1.899,9
-1.898,9
-1.897,9
-1.896,9
-1.895,9
-1.894,9
-1.893,9
-1.892,9
-1.891,9
-1.89,9
-1.889,9
-1.888,9
-1.887,9
-1.886,9
-1.885,9
-1.884,9
-1.883,9
-1.882,9
-1.881,9
-1.88,9
-1.879,9
-1.878,9
-1.877,9
-1.876,9
-1.875,9
-1.874,9
-1.873,9
-1.872,9
-1.871,9
-1.87,9
-1.869,9
-1.868,9
-1.867,9
-1.866,9
-1.865,9
-1.864,9
-1.863,9
-1.862,9
-1.861,9
-1.86,9
-1.859,9
-1.858,9
-1.857,9
-1.856,9
-1.855,9
-1.854,9
-1.853,9
-1.852,9
-1.851,9
-1.85,9
-1.849,9
-1.848,9
-1.847,9
-1.846,9
-1.845,9
-1.844,9
-1.843,9
-1.842,9
-1.841,9
-1.84,9
-1.839,9
-1.838,9
-1.837,9
-1.836,9
-1.835,9
-1.834,8
-1.833,8
-1.832,8
-1.831,8
-1.83,8
-1.829,8
-1.828,8
-1.827,8
-1.826,8
-1.825,8
-1.824,8
-1.823,8
-1.822,8
-1.821,8
-1.82,8
-1.819,8
-1.818,8
-1.817,8
-1.816,8
-1.815,8
-1.814,8
-1.813,8
-1.812,8
-1.811,8
-1.81,8
-1.809,8
-1.808,8
-1.807,8
-1.806,8
-1.805,8
-1.804,8
-1.803,8
-1.802,8
-1.801,8
-1.8,8
-1.799,8
-1.798,8
-1.797,8
-1.796,8
-1.795,8
-1.794,8
-1.793,8
-1.792,8
-1.791,8
-1.79,8
-1.789,8
-1.788,8
-1.787,8
-1.786,8
-1.785,8
-1.784,8
-1.783,8
-1.782,8
-1.781,8
-1.78,8
-1.779,8
-1.778,8
-1.777,8
-1.776,8
-1.775,8
-1.774,8
-1.773,8
-1.772,8
-1.771,8
-1.77,8
-1.769,8
-1.768,8
-1.767,8
-1.766,8
-1.765,8
-1.764,8
-1.763,8
-1.762,8
-1.761,8
-1.76,8
-1.759,8
-1.758,8
-1.757,8
-1.756,8
-1.755,8
-1.754,8
-1.753,8
-1.752,8
-1.751,8
-1.75,8
-1.749,8
-1.748,8
-1.747,8
-1.746,8
-1.745,8
-1.744,8
-1.743,8
-1.742,8
-1.741,8
-1.74,8
-1.739,8
-1.738,8
-1.737,8
-1.736,8
-1.735,8
-1.734,8
-1.733,8
-1.732,8
-1.731,8
-1.73,8
-1.729,8
-1.728,8
-1.727,8
-1.726,8
-1.725,8
-1.724,8
-1.723,8
-1.722,8
-1.721,8
-1.72,8
-1.719,8
-1.718,8
-1.717,8
-1.716,8
-1.715,8
-1.714,8
-1.713,8
-1.712,8
-1.711,8
-1.71,8
-1.709,8
-1.708,8
-1.707,8
-1.706,8
-1.705,8
-1.704,8
-1.703,8
-1.702,8
-1.701,8
-1.7,8
-1.699,8
-1.698,8
-1.697,8
-1.696,8
-1.695,8
-1.694,8
-1.693,8
-1.692,8
-1.691,8
-1.69,8
-1.689,8
-1.688,8
-1.687,8
-1.686,8
-1.685,8
-1.684,8
-1.683,8
-1.682,8
-1.681,8
-1.68,8
-1.679,8
-1.678,8
-1.677,8
-1.676,8
-1.675,8
-1.674,8
-1.673,8
-1.672,8
-1.671,8
-1.67,8
-1.669,8
-1.668,8
-1.667,8
-1.666,8
-1.665,8
-1.664,8
-1.663,8
-1.662,8
-1.661,8
-1.66,8
-1.659,8
-1.658,8
-1.657,8
-1.656,8
-1.655,8
-1.654,8
-1.653,8
-1.652,8
-1.651,8
-1.65,7
-1.649,7
-1.648,7
-1.647,7
-1.646,7
-1.645,7
-1.644,7
-1.643,7
-1.642,7
-1.641,7
-1.64,7
-1.639,7
-1.638,7
-1.637,7
-1.636,7
-1.635,7
-1.634,7
-1.633,7
-1.632,7
-1.631,7
-1.63,7
-1.629,7
-1.628,7
-1.627,7
-1.626,7
-1.625,7
-1.624,7
-1.623,7
-1.622,7
-1.621,7
-1.62,7
-1.619,7
-1.618,7
-1.617,7
-1.616,7
-1.615,7
-1.614,7
-1.613,7
-1.612,7
-1.611,7
-1.61,7
-1.609,7
-1.608,7
-1.607,7
-1.606,7
-1.605,7
-1.604,7
-1.603,7
-1.602,7
-1.601,7
-1.6,7
-1.599,7
-1.598,7
-1.597,7
-1.596,7
-1.595,7
-1.594,7
-1.593,7
-1.592,7
-1.591,7
-1.59,7
-1.589,7
-1.588,7
-1.587,7
-1.586,7
-1.585,7
-1.584,7
-1.583,7
-1.582,7
-1.581,7
-1.58,7
-1.579,7
-1.578,7
-1.577,7
-1.576,7
-1.575,7
-1.574,7
-1.573,7
-1.572,7
-1.571,7
-1.57,7
-1.569,7
-1.568,7
-1.567,7
-1.566,7
-1.565,7
-1.564,7
-1.563,7
-1.562,7
-1.561,7
-1.56,7
-1.559,7
-1.558,7
-1.557,7
-1.556,7
-1.555,7
-1.554,7
-1.553,7
-1.552,7
-1.551,7
-1.55,7
-1.549,7
-1.548,7
-1.547,7
-1.546,7
-1.545,7
-1.544,7
-1.543,7
-1.542,7
-1.541,7
-1.54,7
-1.539,7
-1.538,7
-1.537,7
-1.536,7
-1.535,7
-1.534,7
-1.533,7
-1.532,7
-1.531,7
-1.53,7
-1.529,7
-1.528,7
-1.527,7
-1.526,7
-1.525,7
-1.524,7
-1.523,7
-1.522,7
-1.521,7
-1.52,7
-1.519,7
-1.518,7
-1.517,7
-1.516,7
-1.515,7
-1.514,7
-1.513,7
-1.512,7
-1.511,7
-1.51,7
-1.509,7
-1.508,7
-1.507,7
-1.506,7
-1.505,7
-1.504,7
-1.503,7
-1.502,7
-1.501,7
-1.5,7
-1.499,7
-1.498,7
-1.497,7
-1.496,7
-1.495,7
-1.494,7
-1.493,7
-1.492,7
-1.491,7
-1.49,7
-1.489,7
-1.488,7
-1.487,7
-1.486,7
-1.485,7
-1.484,7
-1.483,7
-1.482,7
-1.481,7
-1.48,7
-1.479,7
-1.478,7
-1.477,7
-1.476,7
-1.475,7
-1.474,7
-1.473,7
-1.472,7
-1.471,7
-1.47,7
-1.469,7
-1.468,7
-1.467,7
-1.466,7
-1.465,7
-1.464,7
-1.463,7
-1.462,7
-1.461,7
-1.46,7
-1.459,7
-1.458,7
-1.457,7
-1.456,7
-1.455,7
-1.454,7
-1.453,6
-1.452,6
-1.451,6
-1.45,6
-1.449,6
-1.448,6
-1.447,6
-1.446,6
-1.445,6
-1.444,6
-1.443,6
-1.442,6
-1.441,6
-1.44,6
-1.439,6
-1.438,6
-1.437,6
-1.436,6
-1.435,6
-1.434,6
-1.433,6
-1.432,6
-1.431,6
-1.43,6
-1.429,6
-1.428,6
-1.427,6
-1.426,6
-1.425,6
-1.424,6
-1.423,6
-1.422,6
-1.421,6
-1.42,6
-1.419,6
-1.418,6
-1.417,6
-1.416,6
-1.415,6
-1.414,6
-1.413,6
-1.412,6
-1.411,6
-1.41,6
-1.409,6
-1.408,6
-1.407,6
-1.406,6
-1.405,6
-1.404,6
-1.403,6
-1.402,6
-1.401,6
-1.4,6
-1.399,6
-1.398,6
-1.397,6
-1.396,6
-1.395,6
-1.394,6
-1.393,6
-1.392,6
-1.391,6
-1.39,6
-1.389,6
-1.388,6
-1.387,6
-1.386,6
-1.385,6
-1.384,6
-1.383,6
-1.382,6
-1.381,6
-1.38,6
-1.379,6
-1.378,6
-1.377,6
-1.376,6
-1.375,6
-1.374,6
-1.373,6
-1.372,6
-1.371,6
-1.37,6
-1.369,6
-1.368,6
-1.367,6
-1.366,6
-1.365,6
-1.364,6
-1.363,6
-1.362,6
-1.361,6
-1.36,6
-1.359,6
-1.358,6
-1.357,6
-1.356,6
-1.355,6
-1.354,6
-1.353,6
-1.352,6
-1.351,6
-1.35,6
-1.349,6
-1.348,6
-1.347,6
-1.346,6
-1.345,6
-1.344,6
-1.343,6
-1.342,6
-1.341,6
-1.34,6
-1.339,6
-1.338,6
-1.337,6
-1.336,6
-1.335,6
-1.334,6
-1.333,6
-1.332,6
-1.331,6
-1.33,6
-1.329,6
-1.328,6
-1.327,6
-1.326,6
-1.325,6
-1.324,6
-1.323,6
-1.322,6
-1.321,6
-1.32,6
-1.319,6
-1.318,6
-1.317,6
-1.316,6
-1.315,6
-1.314,6
-1.313,6
-1.312,6
-1.311,6
-1.31,6
-1.309,6
-1.308,6
-1.307,6
-1.306,6
-1.305,6
-1.304,6
-1.303,6
-1.302,6
-1.301,6
-1.3,6
-1.299,6
-1.298,6
-1.297,6
-1.296,6
-1.295,6
-1.294,6
-1.293,6
-1.292,6
-1.291,6
-1.29,6
-1.289,6
-1.288,6
-1.287,6
-1.286,6
-1.285,6
-1.284,6
-1.283,6
-1.282,6
-1.281,6
-1.28,6
-1.279,6
-1.278,6
-1.277,6
-1.276,6
-1.275,6
-1.274,6
-1.273,6
-1.272,6
-1.271,6
-1.27,6
-1.269,6
-1.268,6
-1.267,6
-1.266,6
-1.265,6
-1.264,6
-1.263,6
-1.262,6
-1.261,6
-1.26,6
-1.259,6
-1.258,6
-1.257,6
-1.256,6
-1.255,6
-1.254,6
-1.253,6
-1.252,6
-1.251,6
-1.25,6
-1.249,6
-1.248,6
-1.247,6
-1.246,6
-1.245,6
-1.244,6
-1.243,6
-1.242,5
-1.241,6
-1.24,6
-1.239,6
-1.238,5
-1.237,5
-1.236,5
-1.235,5
-1.234,5
-1.233,5
-1.232,5
-1.231,5
-1.23,5
-1.229,5
-1.228,5
-1.227,5
-1.226,5
-1.225,5
-1.224,5
-1.223,5
-1.222,5
-1.221,5
-1.22,5
-1.219,5
-1.218,5
-1.217,5
-1.216,5
-1.215,5
-1.214,5
-1.213,5
-1.212,5
-1.211,5
-1.21,5
-1.209,5
-1.208,5
-1.207,5
-1.206,5
-1.205,5
-1.204,5
-1.203,5
-1.202,5
-1.201,5
-1.2,5
-1.199,5
-1.198,5
-1.197,5
-1.196,5
-1.195,5
-1.194,5
-1.193,5
-1.192,5
-1.191,5
-1.19,5
-1.189,5
-1.188,5
-1.187,5
-1.186,5
-1.185,5
-1.184,5
-1.183,5
-1.182,5
-1.181,5
-1.18,5
-1.179,5
-1.178,5
-1.177,5
-1.176,5
-1.175,5
-1.174,5
-1.173,5
-1.172,5
-1.171,5
-1.17,5
-1.169,5
-1.168,5
-1.167,5
-1.166,5
-1.165,5
-1.164,5
-1.163,5
-1.162,5
-1.161,5
-1.16,5
-1.159,5
-1.158,5
-1.157,5
-1.156,5
-1.155,5
-1.154,5
-1.153,5
-1.152,5
-1.151,5
-1.15,5
-1.149,5
-1.148,5
-1.147,5
-1.146,5
-1.145,5
-1.144,5
-1.143,5
-1.142,5
-1.141,5
-1.14,5
-1.139,5
-1.138,5
-1.137,5
-1.136,5
-1.135,5
-1.134,5
-1.133,5
-1.132,5
-1.131,5
-1.13,5
-1.129,5
-1.128,5
-1.127,5
-1.126,5
-1.125,5
-1.124,5
-1.123,5
-1.122,5
-1.121,5
-1.12,5
-1.119,5
-1.118,5
-1.117,5
-1.116,5
-1.115,5
-1.114,5
-1.113,5
-1.112,5
-1.111,5
-1.11,5
-1.109,5
-1.108,5
-1.107,5
-1.106,5
-1.105,5
-1.104,5
-1.103,5
-1.102,5
-1.101,5
-1.1,5
-1.099,5
-1.098,5
-1.097,5
-1.096,5
-1.095,5
-1.094,5
-1.093,5
-1.092,5
-1.091,5
-1.09,5
-1.089,5
-1.088,5
-1.087,5
-1.086,5
-1.085,5
-1.084,5
-1.083,5
-1.082,5
-1.081,5
-1.08,5
-1.079,5
-1.078,5
-1.077,5
-1.076,5
-1.075,5
-1.074,5
-1.073,5
-1.072,5
-1.071,5
-1.07,5
-1.069,5
-1.068,5
-1.067,5
-1.066,5
-1.065,5
-1.064,5
-1.063,5
-1.062,5
-1.061,5
-1.06,5
-1.059,5
-1.058,5
-1.057,5
-1.056,5
-1.055,5
-1.054,5
-1.053,5
-1.052,5
-1.051,5
-1.05,5
-1.049,5
-1.048,5
-1.047,5
-1.046,5
-1.045,5
-1.044,5
-1.043,5
-1.042,5
-1.041,5
-1.04,5
-1.039,5
-1.038,5
-1.037,5
-1.036,5
-1.035,5
-1.034,5
-1.033,5
-1.032,5
-1.031,5
-1.03,5
-1.029,5
-1.028,5
-1.027,5
-1.026,5
-1.025,5
-1.024,5
-1.023,5
-1.022,5
-1.021,5
-1.02,5
-1.019,5
-1.018,5
-1.017,5
-1.016,5
-1.015,4
-1.014,5
-1.013,5
-1.012,5
-1.011,5
-1.01,4
-1.009,4
-1.008,4
-1.007,4
-1.006,4
-1.005,4
-1.004,4
-1.003,4
-1.002,4
-1.001,4
-1.0,4
-0.999,4
-0.998,4
-0.997,4
-0.996,4
-0.995,4
-0.994,4
-0.993,4
-0.992,4
-0.991,4
-0.99,4
-0.989,4
-0.988,4
-0.987,4
-0.986,4
-0.985,4
-0.984,4
-0.983,4
-0.982,4
-0.981,4
-0.98,4
-0.979,4
-0.978,4
-0.977,4
-0.976,4
-0.975,4
-0.974,4
-0.973,4
-0.972,4
-0.971,4
-0.97,4
-0.969,4
-0.968,4
-0.967,4
-0.966,4
-0.965,4
-0.964,4
-0.963,4
-0.962,4
-0.961,4
-0.96,4
-0.959,4
-0.958,4
-0.957,4
-0.956,4
-0.955,4
-0.954,4
-0.953,4
-0.952,4
-0.951,4
-0.95,4
-0.949,4
-0.948,4
-0.947,4
-0.946,4
-0.945,4
-0.944,4
-0.943,4
-0.942,4
-0.941,4
-0.94,4
-0.939,4
-0.938,4
-0.937,4
-0.936,4
-0.935,4
-0.934,4
-0.933,4
-0.932,4
-0.931,4
-0.93,4
-0.929,4
-0.928,4
-0.927,4
-0.926,4
-0.925,4
-0.924,4
-0.923,4
-0.922,4
-0.921,4
-0.92,4
-0.919,4
-0.918,4
-0.917,4
-0.916,4
-0.915,4
-0.914,4
-0.913,4
-0.912,4
-0.911,4
-0.91,4
-0.909,4
-0.908,4
-0.907,4
-0.906,4
-0.905,4
-0.904,4
-0.903,4
-0.902,4
-0.901,4
-0.9,4
-0.899,4
-0.898,4
-0.897,4
-0.896,4
-0.895,4
-0.894,4
-0.893,4
-0.892,4
-0.891,4
-0.89,4
-0.889,4
-0.888,4
-0.887,4
-0.886,4
-0.885,4
-0.884,4
-0.883,4
-0.882,4
-0.881,4
-0.88,4
-0.879,4
-0.878,4
-0.877,4
-0.876,4
-0.875,4
-0.874,4
-0.873,4
-0.872,4
-0.871,4
-0.87,4
-0.869,4
-0.868,4
-0.867,4
-0.866,4
-0.865,4
-0.864,4
-0.863,4
-0.862,4
-0.861,4
-0.86,4
-0.859,4
-0.858,4
-0.857,4
-0.856,4
-0.855,4
-0.854,4
-0.853,4
-0.852,4
-0.851,4
-0.85,4
-0.849,4
-0.848,4
-0.847,4
-0.846,4
-0.845,4
-0.844,4
-0.843,4
-0.842,4
-0.841,4
-0.84,4
-0.839,4
-0.838,4
-0.837,4
-0.836,4
-0.835,4
-0.834,4
-0.833,4
-0.832,4
-0.831,4
-0.83,4
-0.829,4
-0.828,4
-0.827,4
-0.826,4
-0.825,4
-0.824,4
-0.823,4
-0.822,4
-0.821,4
-0.82,4
-0.819,4
-0.818,4
-0.817,4
-0.816,4
-0.815,4
-0.814,4
-0.813,4
-0.812,4
-0.811,4
-0.81,4
-0.809,4
-0.808,4
-0.807,4
-0.806,4
-0.805,4
-0.804,4
-0.803,4
-0.802,4
-0.801,4
-0.8,4
-0.799,4
-0.798,4
-0.797,4
-0.796,4
-0.795,4
-0.794,4
-0.793,4
-0.792,4
-0.791,4
-0.79,4
-0.789,4
-0.788,4
-0.787,4
-0.786,4
-0.785,4
-0.784,4
-0.783,4
-0.782,4
-0.781,4
-0.78,4
-0.779,4
-0.778,4
-0.777,4
-0.776,4
-0.775,4
-0.774,4
-0.773,4
-0.772,4
-0.771,4
-0.77,4
-0.769,4
-0.768,4
-0.767,4
-0.766,3
-0.765,4
-0.764,3
-0.763,3
-0.762,3
-0.761,3
-0.76,3
-0.759,3
-0.758,3
-0.757,3
-0.756,3
-0.755,3
-0.754,3
-0.753,3
-0.752,3
-0.751,3
-0.75,3
-0.749,3
-0.748,3
-0.747,3
-0.746,3
-0.745,3
-0.744,3
-0.743,3
-0.742,3
-0.741,3
-0.74,3
-0.739,3
-0.738,3
-0.737,3
-0.736,3
-0.735,3
-0.734,3
-0.733,3
-0.732,3
-0.731,3
-0.73,3
-0.729,3
-0.728,3
-0.727,3
-0.726,3
-0.725,3
-0.724,3
-0.723,3
-0.722,3
-0.721,3
-0.72,3
-0.719,3
-0.718,3
-0.717,3
-0.716,3
-0.715,3
-0.714,3
-0.713,3
-0.712,3
-0.711,3
-0.71,3
-0.709,3
-0.708,3
-0.707,3
-0.706,3
-0.705,3
-0.704,3
-0.703,3
-0.702,3
-0.701,3
-0.7,3
-0.699,3
-0.698,3
-0.697,3
-0.696,3
-0.695,3
-0.694,3
-0.693,3
-0.692,3
-0.691,3
-0.69,3
-0.689,3
-0.688,3
-0.687,3
-0.686,3
-0.685,3
-0.684,3
-0.683,3
-0.682,3
-0.681,3
-0.68,3
-0.679,3
-0.678,3
-0.677,3
-0.676,3
-0.675,3
-0.674,3
-0.673,3
-0.672,3
-0.671,3
-0.67,3
-0.669,3
-0.668,3
-0.667,3
-0.666,3
-0.665,3
-0.664,3
-0.663,3
-0.662,3
-0.661,3
-0.66,3
-0.659,3
-0.658,3
-0.657,3
-0.656,3
-0.655,3
-0.654,3
-0.653,3
-0.652,3
-0.651,3
-0.65,3
-0.649,3
-0.648,3
-0.647,3
-0.646,3
-0.645,3
-0.644,3
-0.643,3
-0.642,3
-0.641,3
-0.64,3
-0.639,3
-0.638,3
-0.637,3
-0.636,3
-0.635,3
-0.634,3
-0.633,3
-0.632,3
-0.631,3
-0.63,3
-0.629,3
-0.628,3
-0.627,3
-0.626,3
-0.625,3
-0.624,3
-0.623,3
-0.622,3
-0.621,3
-0.62,3
-0.619,3
-0.618,3
-0.617,3
-0.616,3
-0.615,3
-0.614,3
-0.613,3
-0.612,3
-0.611,3
-0.61,3
-0.609,3
-0.608,3
-0.607,3
-0.606,3
-0.605,3
-0.604,3
-0.603,3
-0.602,3
-0.601,3
-0.6,3
-0.599,3
-0.598,3
-0.597,3
-0.596,3
-0.595,3
-0.594,3
-0.593,3
-0.592,3
-0.591,3
-0.59,3
-0.589,3
-0.588,3
-0.587,3
-0.586,3
-0.585,3
-0.584,3
-0.583,3
-0.582,3
-0.581,3
-0.58,3
-0.579,3
-0.578,3
-0.577,3
-0.576,3
-0.575,3
-0.574,3
-0.573,3
-0.572,3
-0.571,3
-0.57,3
-0.569,3
-0.568,3
-0.567,3
-0.566,3
-0.565,3
-0.564,3
-0.563,3
-0.562,3
-0.561,3
-0.56,3
-0.559,3
-0.558,3
-0.557,3
-0.556,3
-0.555,3
-0.554,3
-0.553,3
-0.552,3
-0.551,3
-0.55,3
-0.549,3
-0.548,3
-0.547,3
-0.546,3
-0.545,3
-0.544,3
-0.543,3
-0.542,3
-0.541,3
-0.54,3
-0.539,3
-0.538,3
-0.537,3
-0.536,3
-0.535,3
-0.534,3
-0.533,3
-0.532,3
-0.531,3
-0.53,3
-0.529,3
-0.528,3
-0.527,3
-0.526,3
-0.525,3
-0.524,3
-0.523,3
-0.522,3
-0.521,3
-0.52,3
-0.519,3
-0.518,3
-0.517,3
-0.516,3
-0.515,3
-0.514,3
-0.513,3
-0.512,3
-0.511,3
-0.51,3
-0.509,3
-0.508,2
-0.507,3
-0.506,3
-0.505,2
-0.504,2
-0.503,2
-0.502,2
-0.501,2
-0.5,2
-0.499,2
-0.498,2
-0.497,2
-0.496,2
-0.495,2
-0.494,2
-0.493,2
-0.492,2
-0.491,2
-0.49,2
-0.489,2
-0.488,2
-0.487,2
-0.486,2
-0.485,2
-0.484,2
-0.483,2
-0.482,2
-0.481,2
-0.48,2
-0.479,2
-0.478,2
-0.477,2
-0.476,2
-0.475,2
-0.474,2
-0.473,2
-0.472,2
-0.471,2
-0.47,2
-0.469,2
-0.468,2
-0.467,2
-0.466,2
-0.465,2
-0.464,2
-0.463,2
-0.462,2
-0.461,2
-0.46,2
-0.459,2
-0.458,2
-0.457,2
-0.456,2
-0.455,2
-0.454,2
-0.453,2
-0.452,2
-0.451,2
-0.45,2
-0.449,2
-0.448,2
-0.447,2
-0.446,2
-0.445,2
-0.444,2
-0.443,2
-0.442,2
-0.441,2
-0.44,2
-0.439,2
-0.438,2
-0.437,2
-0.436,2
-0.435,2
-0.434,2
-0.433,2
-0.432,2
-0.431,2
-0.43,2
-0.429,2
-0.428,2
-0.427,2
-0.426,2
-0.425,2
-0.424,2
-0.423,2
-0.422,2
-0.421,2
-0.42,2
-0.419,2
-0.418,2
-0.417,2
-0.416,2
-0.415,2
-0.414,2
-0.413,2
-0.412,2
-0.411,2
-0.41,2
-0.409,2
-0.408,2
-0.407,2
-0.406,2
-0.405,2
-0.404,2
-0.403,2
-0.402,2
-0.401,2
-0.4,2
-0.399,2
-0.398,2
-0.397,2
-0.396,2
-0.395,2
-0.394,2
-0.393,2
-0.392,2
-0.391,2
-0.39,2
-0.389,2
-0.388,2
-0.387,2
-0.386,2
-0.385,2
-0.384,2
-0.383,2
-0.382,2
-0.381,2
-0.38,2
-0.379,2
-0.378,2
-0.377,2
-0.376,2
-0.375,2
-0.374,2
-0.373,2
-0.372,2
-0.371,2
-0.37,2
-0.369,2
-0.368,2
-0.367,2
-0.366,2
-0.365,2
-0.364,2
-0.363,2
-0.362,2
-0.361,2
-0.36,2
-0.359,2
-0.358,2
-0.357,2
-0.356,2
-0.355,2
-0.354,2
-0.353,2
-0.352,2
-0.351,2
-0.35,2
-0.349,2
-0.348,2
-0.347,2
-0.346,2
-0.345,2
-0.344,2
-0.343,2
-0.342,2
-0.341,2
-0.34,2
-0.339,2
-0.338,2
-0.337,2
-0.336,2
-0.335,2
-0.334,2
-0.333,2
-0.332,2
-0.331,2
-0.33,2
-0.329,2
-0.328,2
-0.327,2
-0.326,2
-0.325,2
-0.324,2
-0.323,2
-0.322,2
-0.321,2
-0.32,2
-0.319,2
-0.318,2
-0.317,2
-0.316,2
-0.315,2
-0.314,2
-0.313,2
-0.312,2
-0.311,2
-0.31,2
-0.309,2
-0.308,2
-0.307,2
-0.306,2
-0.305,2
-0.304,2
-0.303,2
-0.302,2
-0.301,2
-0.3,2
-0.299,2
-0.298,2
-0.297,2
-0.296,2
-0.295,2
-0.294,2
-0.293,2
-0.292,2
-0.291,2
-0.29,2
-0.289,2
-0.288,2
-0.287,2
-0.286,2
-0.285,2
-0.284,2
-0.283,2
-0.282,2
-0.281,2
-0.28,2
-0.279,2
-0.278,2
-0.277,2
-0.276,2
-0.275,2
-0.274,2
-0.273,2
-0.272,2
-0.271,2
-0.27,2
-0.269,2
-0.268,2
-0.267,2
-0.266,2
-0.265,2
-0.264,2
-0.263,2
-0.262,2
-0.261,2
-0.26,2
-0.259,2
-0.258,2
-0.257,2
-0.256,2
-0.255,2
-0.254,2
-0.253,1
-0.252,2
-0.251,1
-0.25,1
-0.249,1
-0.248,1
-0.247,1
-0.246,1
-0.245,1
-0.244,1
-0.243,1
-0.242,1
-0.241,1
-0.24,1
-0.239,1
-0.238,1
-0.237,1
-0.236,1
-0.235,1
-0.234,1
-0.233,1
-0.232,1
-0.231,1
-0.23,1
-0.229,1
-0.228,1
-0.227,1
-0.226,1
-0.225,1
-0.224,1
-0.223,1
-0.222,1
-0.221,1
-0.22,1
-0.219,1
-0.218,1
-0.217,1
-0.216,1
-0.215,1
-0.214,1
-0.213,1
-0.212,1
-0.211,1
-0.21,1
-0.209,1
-0.208,1
-0.207,1
-0.206,1
-0.205,1
-0.204,1
-0.203,1
-0.202,1
-0.201,1
-0.2,1
-0.199,1
-0.198,1
-0.197,1
-0.196,1
-0.195,1
-0.194,1
-0.193,1
-0.192,1
-0.191,1
-0.19,1
-0.189,1
-0.188,1
-0.187,1
-0.186,1
-0.185,1
-0.184,1
-0.183,1
-0.182,1
-0.181,1
-0.18,1
-0.179,1
-0.178,1
-0.177,1
-0.176,1
-0.175,1
-0.174,1
-0.173,1
-0.172,1
-0.171,1
-0.17,1
-0.169,1
-0.168,1
-0.167,1
-0.166,1
-0.165,1
-0.164,1
-0.163,1
-0.162,1
-0.161,1
-0.16,1
-0.159,1
-0.158,1
-0.157,1
-0.156,1
-0.155,1
-0.154,1
-0.153,1
-0.152,1
-0.151,1
-0.15,1
-0.149,1
-0.148,1
-0.147,1
-0.146,1
-0.145,1
-0.144,1
-0.143,1
-0.142,1
-0.141,1
-0.14,1
-0.139,1
-0.138,1
-0.137,1
-0.136,1
-0.135,1
-0.134,1
-0.133,1
-0.132,1
-0.131,1
-0.13,1
-0.129,1
-0.128,1
-0.127,1
-0.126,1
-0.125,1
-0.124,1
-0.123,1
-0.122,1
-0.121,1
-0.12,1
-0.119,1
-0.118,1
-0.117,1
-0.116,1
-0.115,1
-0.114,1
-0.113,1
-0.112,1
-0.111,1
-0.11,1
-0.109,1
-0.108,1
-0.107,1
-0.106,1
-0.105,1
-0.104,1
-0.103,1
-0.102,1
-0.101,1
-0.1,1
-0.099,1
-0.098,1
-0.097,1
-0.096,1
-0.095,1
-0.094,1
-0.093,1
-0.092,1
-0.091,1
-0.09,1
-0.089,1
-0.088,1
-0.087,1
-0.086,1
-0.085,1
-0.084,1
-0.083,1
-0.082,1
-0.081,1
-0.08,1
-0.079,1
-0.078,1
-0.077,1
-0.076,1
-0.075,1
-0.074,1
-0.073,1
-0.072,1
-0.071,1
-0.07,1
-0.069,1
-0.068,1
-0.067,1
-0.066,1
-0.065,1
-0.064,1
-0.063,1
-0.062,1
-0.061,1
-0.06,1
-0.059,1
-0.058,1
-0.057,1
-0.056,1
-0.055,1
-0.054,1
-0.053,0
-0.052,0
-0.051,0
-0.05,0
-0.049,0
-0.048,0
-0.047,0
-0.046,0
-0.045,0
-0.044,0
-0.043,0
-0.042,0
-0.041,0
-0.04,0
-0.039,0
-0.038,0
-0.037,0
-0.036,0
-0.035,0
-0.034,0
-0.033,0
-0.032,0
-0.031,0
-0.03,0
-0.029,0
-0.028,0
-0.027,0
-0.026,0
-0.025,0
-0.024,0
-0.023,0
-0.022,0
-0.021,0
-0.02,0
-0.019,0
-0.018,0
-0.017,0
-0.016,0
-0.015,0
-0.014,0
-0.013,0
-0.012,0
-0.011,0
-0.01,0
-0.009,0
-0.008,0
-0.007,0
-0.006,0
-0.005,0
-0.004,0
-0.003,0
-0.002,0
-0.001,0
-3.29521e-13,0
0.001,0
0.002,0
0.003,0
0.004,0
0.005,0
0.006,0
0.007,0
0.008,0
0.009,0
0.01,0
0.011,0
0.012,0
0.013,0
0.014,0
0.015,0
0.016,0
0.017,0
0.018,0
0.019,0
0.02,0
0.021,0
0.022,0
0.023,0
0.024,0
0.025,0
0.026,0
0.027,0
0.028,0
0.029,0
0.03,0
0.031,0
0.032,0
0.033,0
0.034,0
0.035,0
0.036,0
0.037,0
0.038,0
0.039,0
0.04,0
0.041,0
0.042,0
0.043,0
0.044,0
0.045,0
0.046,0
0.047,0
0.048,0
0.049,0
0.05,0
0.051,0
0.052,0
0.053,0
0.054,1
0.055,1
0.056,1
0.057,1
0.058,1
0.059,1
0.06,1
0.061,1
0.062,1
0.063,1
0.064,1
0.065,1
0.066,1
0.067,1
0.068,1
0.069,1
0.07,1
0.071,1
0.072,1
0.073,1
0.074,1
0.075,1
0.076,1
0.077,1
0.078,1
0.079,1
0.08,1
0.081,1
0.082,1
0.083,1
0.084,1
0.085,1
0.086,1
0.087,1
0.088,1
0.089,1
0.09,1
0.091,1
0.092,1
0.093,1
0.094,1
0.095,1
0.096,1
0.097,1
0.098,1
0.099,1
0.1,1
0.101,1
0.102,1
0.103,1
0.104,1
0.105,1
0.106,1
0.107,1
0.108,1
0.109,1
0.11,1
0.111,1
0.112,1
0.113,1
0.114,1
0.115,1
0.116,1
0.117,1
0.118,1
0.119,1
0.12,1
0.121,1
0.122,1
0.123,1
0.124,1
0.125,1
0.126,1
0.127,1
0.128,1
0.129,1
0.13,1
0.131,1
0.132,1
0.133,1
0.134,1
0.135,1
0.136,1
0.137,1
0.138,1
0.139,1
0.14,1
0.141,1
0.142,1
0.143,1
0.144,1
0.145,1
0.146,1
0.147,1
0.148,1
0.149,1
0.15,1
0.151,1
0.152,1
0.153,1
0.154,1
0.155,1
0.156,1
0.157,1
0.158,1
0.159,1
0.16,1
0.161,1
0.162,1
0.163,1
0.164,1
0.165,1
0.166,1
0.167,1
0.168,1
0.169,1
0.17,1
0.171,1
0.172,1
0.173,1
0.174,1
0.175,1
0.176,1
0.177,1
0.178,1
0.179,1
0.18,1
0.181,1
0.182,1
0.183,1
0.184,1
0.185,1
0.186,1
0.187,1
0.188,1
0.189,1
0.19,1
0.191,1
0.192,1
0.193,1
0.194,1
0.195,1
0.196,1
0.197,1
0.198,1
0.199,1
0.2,1
0.201,1
0.202,1
0.203,1
0.204,1
0.205,1
0.206,1
0.207,1
0.208,1
0.209,1
0.21,1
0.211,1
0.212,1
0.213,1
0.214,1
0.215,1
0.216,1
0.217,1
0.218,1
0.219,1
0.22,1
0.221,1
0.222,1
0.223,1
0.224,1
0.225,1
0.226,1
0.227,1
0.228,1
0.229,1
0.23,1
0.231,1
0.232,1
0.233,1
0.234,1
0.235,1
0.236,1
0.237,1
0.238,1
0.239,1
0.24,1
0.241,1
0.242,1
0.243,1
0.244,1
0.245,1
0.246,1
0.247,1
0.248,1
0.249,1
0.25,1
0.251,1
0.252,2
0.253,1
0.254,2
0.255,2
0.256,2
0.257,2
0.258,2
0.259,2
0.26,2
0.261,2
0.262,2
0.263,2
0.264,2
0.265,2
0.266,2
0.267,2
0.268,2
0.269,2
0.27,2
0.271,2
0.272,2
0.273,2
0.274,2
0.275,2
0.276,2
0.277,2
0.278,2
0.279,2
0.28,2
0.281,2
0.282,2
0.283,2
0.284,2
0.285,2
0.286,2
0.287,2
0.288,2
0.289,2
0.29,2
0.291,2
0.292,2
0.293,2
0.294,2
0.295,2
0.296,2
0.297,2
0.298,2
0.299,2
0.3,2
0.301,2
0.302,2
0.303,2
0.304,2
0.305,2
0.306,2
0.307,2
0.308,2
0.309,2
0.31,2
0.311,2
0.312,2
0.313,2
0.314,2
0.315,2
0.316,2
0.317,2
0.318,2
0.319,2
0.32,2
0.321,2
0.322,2
0.323,2
0.324,2
0.325,2
0.326,2
0.327,2
0.328,2
0.329,2
0.33,2
0.331,2
0.332,2
0.333,2
0.334,2
0.335,2
0.336,2
0.337,2
0.338,2
0.339,2
0.34,2
0.341,2
0.342,2
0.343,2
0.344,2
0.345,2
0.346,2
0.347,2
0.348,2
0.349,2
0.35,2
0.351,2
0.352,2
0.353,2
0.354,2
0.355,2
0.356,2
0.357,2
0.358,2
0.359,2
0.36,2
0.361,2
0.362,2
0.363,2
0.364,2
0.365,2
0.366,2
0.367,2
0.368,2
0.369,2
0.37,2
0.371,2
0.372,2
0.373,2
0.374,2
0.375,2
0.376,2
0.377,2
0.378,2
0.379,2
0.38,2
0.381,2
0.382,2
0.383,2
0.384,2
0.385,2
0.386,2
0.387,2
0.388,2
0.389,2
0.39,2
0.391,2
0.392,2
0.393,2
0.394,2
0.395,2
0.396,2
0.397,2
0.398,2
0.399,2
0.4,2
0.401,2
0.402,2
0.403,2
0.404,2
0.405,2
0.406,2
0.407,2
0.408,2
0.409,2
0.41,2
0.411,2
0.412,2
0.413,2
0.414,2
0.415,2
0.416,2
0.417,2
0.418,2
0.419,2
0.42,2
0.421,2
0.422,2
0.423,2
0.424,2
0.425,2
0.426,2
0.427,2
0.428,2
0.429,2
0.43,2
0.431,2
0.432,2
0.433,2
0.434,2
0.435,2
0.436,2
0.437,2
0.438,2
0.439,2
0.44,2
0.441,2
0.442,2
0.443,2
0.444,2
0.445,2
0.446,2
0.447,2
0.448,2
0.449,2
0.45,2
0.451,2
0.452,2
0.453,2
0.454,2
0.455,2
0.456,2
0.457,2
0.458,2
0.459,2
0.46,2
0.461,2
0.462,2
0.463,2
0.464,2
0.465,2
0.466,2
0.467,2
0.468,2
0.469,2
0.47,2
0.471,2
0.472,2
0.473,2
0.474,2
0.475,2
0.476,2
0.477,2
0.478,2
0.479,2
0.48,2
0.481,2
0.482,2
0.483,2
0.484,2
0.485,2
0.486,2
0.487,2
0.488,2
0.489,2
0.49,2
0.491,2
0.492,2
0.493,2
0.494,2
0.495,2
0.496,2
0.497,2
0.498,2
0.499,2
0.5,2
0.501,2
0.502,2
0.503,2
0.504,2
0.505,2
0.506,3
0.507,3
0.508,2
0.509,3
0.51,3
0.511,3
0.512,3
0.513,3
0.514,3
0.515,3
0.516,3
0.517,3
0.518,3
0.519,3
0.52,3
0.521,3
0.522,3
0.523,3
0.524,3
0.525,3
0.526,3
0.527,3
0.528,3
0.529,3
0.53,3
0.531,3
0.532,3
0.533,3
0.534,3
0.535,3
0.536,3
0.537,3
0.538,3
0.539,3
0.54,3
0.541,3
0.542,3
0.543,3
0.544,3
0.545,3
0.546,3
0.547,3
0.548,3
0.549,3
0.55,3
0.551,3
0.552,3
0.553,3
0.554,3
0.555,3
0.556,3
0.557,3
0.558,3
0.559,3
0.56,3
0.561,3
0.562,3
0.563,3
0.564,3
0.565,3
0.566,3
0.567,3
0.568,3
0.569,3
0.57,3
0.571,3
0.572,3
0.573,3
0.574,3
0.575,3
0.576,3
0.577,3
0.578,3
0.579,3
0.58,3
0.581,3
0.582,3
0.583,3
0.584,3
0.585,3
0.586,3
0.587,3
0.588,3
0.589,3
0.59,3
0.591,3
0.592,3
0.593,3
0.594,3
0.595,3
0.596,3
0.597,3
0.598,3
0.599,3
0.6,3
0.601,3
0.602,3
0.603,3
0.604,3
0.605,3
0.606,3
0.607,3
0.608,3
0.609,3
0.61,3
0.611,3
0.612,3
0.613,3
0.614,3
0.615,3
0.616,3
0.617,3
0.618,3
0.619,3
0.62,3
0.621,3
0.622,3
0.623,3
0.624,3
0.625,3
0.626,3
0.627,3
0.628,3
0.629,3
0.63,3
0.631,3
0.632,3
0.633,3
0.634,3
0.635,3
0.636,3
0.637,3
0.638,3
0.639,3
0.64,3
0.641,3
0.642,3
0.643,3
0.644,3
0.645,3
0.646,3
0.647,3
0.648,3
0.649,3
0.65,3
0.651,3
0.652,3
0.653,3
0.654,3
0.655,3
0.656,3
0.657,3
0.658,3
0.659,3
0.66,3
0.661,3
0.662,3
0.663,3
0.664,3
0.665,3
0.666,3
0.667,3
0.668,3
0.669,3
0.67,3
0.671,3
0.672,3
0.673,3
0.674,3
0.675,3
0.676,3
0.677,3
0.678,3
0.679,3
0.68,3
0.681,3
0.682,3
0.683,3
0.684,3
0.685,3
0.686,3
0.687,3
0.688,3
0.689,3
0.69,3
0.691,3
0.692,3
0.693,3
0.694,3
0.695,3
0.696,3
0.697,3
0.698,3
0.699,3
0.7,3
0.701,3
0.702,3
0.703,3
0.704,3
0.705,3
0.706,3
0.707,3
0.708,3
0.709,3
0.71,3
0.711,3
0.712,3
0.713,3
0.714,3
0.715,3
0.716,3
0.717,3
0.718,3
0.719,3
0.72,3
0.721,3
0.722,3
0.723,3
0.724,3
0.725,3
0.726,3
0.727,3
0.728,3
0.729,3
0.73,3
0.731,3
0.732,3
0.733,3
0.734,3
0.735,3
0.736,3
0.737,3
0.738,3
0.739,3
0.74,3
0.741,3
0.742,3
0.743,3
0.744,3
0.745,3
0.746,3
0.747,3
0.748,3
0.749,3
0.75,3
0.751,3
0.752,3
0.753,3
0.754,3
0.755,3
0.756,3
0.757,3
0.758,3
0.759,3
0.76,3
0.761,3
0.762,3
0.763,3
0.764,3
0.765,4
0.766,3
0.767,4
0.768,4
0.769,4
0.77,4
0.771,4
0.772,4
0.773,4
0.774,4
0.775,4
0.776,4
0.777,4
0.778,4
0.779,4
0.78,4
0.781,4
0.782,4
0.783,4
0.784,4
0.785,4
0.786,4
0.787,4
0.788,4
0.789,4
0.79,4
0.791,4
0.792,4
0.793,4
0.794,4
0.795,4
0.796,4
0.797,4
0.798,4
0.799,4
0.8,4
0.801,4
0.802,4
0.803,4
0.804,4
0.805,4
0.806,4
0.807,4
0.808,4
0.809,4
0.81,4
0.811,4
0.812,4
0.813,4
0.814,4
0.815,4
0.816,4
0.817,4
0.818,4
0.819,4
0.82,4
0.821,4
0.822,4
0.823,4
0.824,4
0.825,4
0.826,4
0.827,4
0.828,4
0.829,4
0.83,4
0.831,4
0.832,4
0.833,4
0.834,4
0.835,4
0.836,4
0.837,4
0.838,4
0.839,4
0.84,4
0.841,4
0.842,4
0.843,4
0.844,4
0.845,4
0.846,4
0.847,4
0.848,4
0.849,4
0.85,4
0.851,4
0.852,4
0.853,4
0.854,4
0.855,4
0.856,4
0.857,4
0.858,4
0.859,4
0.86,4
0.861,4
0.862,4
0.863,4
0.864,4
0.865,4
0.866,4
0.867,4
0.868,4
0.869,4
0.87,4
0.871,4
0.872,4
0.873,4
0.874,4
0.875,4
0.876,4
0.877,4
0.878,4
0.879,4
0.88,4
0.881,4
0.882,4
0.883,4
0.884,4
0.885,4
0.886,4
0.887,4
0.888,4
0.889,4
0.89,4
0.891,4
0.892,4
0.893,4
0.894,4
0.895,4
0.896,4
0.897,4
0.898,4
0.899,4
0.9,4
0.901,4
0.902,4
0.903,4
0.904,4
0.905,4
0.906,4
0.907,4
0.908,4
0.909,4
0.91,4
0.911,4
0.912,4
0.913,4
0.914,4
0.915,4
0.916,4
0.917,4
0.918,4
0.919,4
0.92,4
0.921,4
0.922,4
0.923,4
0.924,4
0.925,4
0.926,4
0.927,4
0.928,4
0.929,4
0.93,4
0.931,4
0.932,4
0.933,4
0.934,4
0.935,4
0.936,4
0.937,4
0.938,4
0.939,4
0.94,4
0.941,4
0.942,4
0.943,4
0.944,4
0.945,4
0.946,4
0.947,4
0.948,4
0.949,4
0.95,4
0.951,4
0.952,4
0.953,4
0.954,4
0.955,4
0.956,4
0.957,4
0.958,4
0.959,4
0.96,4
0.961,4
0.962,4
0.963,4
0.964,4
0.965,4
0.966,4
0.967,4
0.968,4
0.969,4
0.97,4
0.971,4
0.972,4
0.973,4
0.974,4
0.975,4
0.976,4
0.977,4
0.978,4
0.979,4
0.98,4
0.981,4
0.982,4
0.983,4
0.984,4
0.985,4
0.986,4
0.987,4
0.988,4
0.989,4
0.99,4
0.991,4
0.992,4
0.993,4
0.994,4
0.995,4
0.996,4
0.997,4
0.998,4
0.999,4
1.0,4
1.001,4
1.002,4
1.003,4
1.004,4
1.005,4
1.006,4
1.007,4
1.008,4
1.009,4
1.01,4
1.011,5
1.012,5
1.013,5
1.014,5
1.015,4
1.016,5
1.017,5
1.018,5
1.019,5
1.02,5
1.021,5
1.022,5
1.023,5
1.024,5
1.025,5
1.026,5
1.027,5
1.028,5
1.029,5
1.03,5
1.031,5
1.032,5
1.033,5
1.034,5
1.035,5
1.036,5
1.037,5
1.038,5
1.039,5
1.04,5
1.041,5
1.042,5
1.043,5
1.044,5
1.045,5
1.046,5
1.047,5
1.048,5
1.049,5
1.05,5
1.051,5
1.052,5
1.053,5
1.054,5
1.055,5
1.056,5
1.057,5
1.058,5
1.059,5
1.06,5
1.061,5
1.062,5
1.063,5
1.064,5
1.065,5
1.066,5
1.067,5
1.068,5
1.069,5
1.07,5
1.071,5
1.072,5
1.073,5
1.074,5
1.075,5
1.076,5
1.077,5
1.078,5
1.079,5
1.08,5
1.081,5
1.082,5
1.083,5
1.084,5
1.085,5
1.086,5
1.087,5
1.088,5
1.089,5
1.09,5
1.091,5
1.092,5
1.093,5
1.094,5
1.095,5
1.096,5
1.097,5
1.098,5
1.099,5
1.1,5
1.101,5
1.102,5
1.103,5
1.104,5
1.105,5
1.106,5
1.107,5
1.108,5
1.109,5
1.11,5
1.111,5
1.112,5
1.113,5
1.114,5
1.115,5
1.116,5
1.117,5
1.118,5
1.119,5
1.12,5
1.121,5
1.122,5
1.123,5
1.124,5
1.125,5
1.126,5
1.127,5
1.128,5
1.129,5
1.13,5
1.131,5
1.132,5
1.133,5
1.134,5
1.135,5
1.136,5
1.137,5
1.138,5
1.139,5
1.14,5
1.141,5
1.142,5
1.143,5
1.144,5
1.145,5
1.146,5
1.147,5
1.148,5
1.149,5
1.15,5
1.151,5
1.152,5
1.153,5
1.154,5
1.155,5
1.156,5
1.157,5
1.158,5
1.159,5
1.16,5
1.161,5
1.162,5
1.163,5
1.164,5
1.165,5
1.166,5
1.167,5
1.168,5
1.169,5
1.17,5
1.171,5
1.172,5
1.173,5
1.174,5
1.175,5
1.176,5
1.177,5
1.178,5
1.179,5
1.18,5
1.181,5
1.182,5
1.183,5
1.184,5
1.185,5
1.186,5
1.187,5
1.188,5
1.189,5
1.19,5
1.191,5
1.192,5
1.193,5
1.194,5
1.195,5
1.196,5
1.197,5
1.198,5
1.199,5
1.2,5
1.201,5
1.202,5
1.203,5
1.204,5
1.205,5
1.206,5
1.207,5
1.208,5
1.209,5
1.21,5
1.211,5
1.212,5
1.213,5
1.214,5
1.215,5
1.216,5
1.217,5
1.218,5
1.219,5
1.22,5
1.221,5
1.222,5
1.223,5
1.224,5
1.225,5
1.226,5
1.227,5
1.228,5
1.229,5
1.23,5
1.231,5
1.232,5
1.233,5
1.234,5
1.235,5
1.236,5
1.237,5
1.238,5
1.239,6
1.24,6
1.241,6
1.242,5
1.243,6
1.244,6
1.245,6
1.246,6
1.247,6
1.248,6
1.249,6
1.25,6
1.251,6
1.252,6
1.253,6
1.254,6
1.255,6
1.256,6
1.257,6
1.258,6
1.259,6
1.26,6
1.261,6
1.262,6
1.263,6
1.264,6
1.265,6
1.266,6
1.267,6
1.268,6
1.269,6
1.27,6
1.271,6
1.272,6
1.273,6
1.274,6
1.275,6
1.276,6
1.277,6
1.278,6
1.279,6
1.28,6
1.281,6
1.282,6
1.283,6
1.284,6
1.285,6
1.286,6
1.287,6
1.288,6
1.289,6
1.29,6
1.291,6
1.292,6
1.293,6
1.294,6
1.295,6
1.296,6
1.297,6
1.298,6
1.299,6
1.3,6
1.301,6
1.302,6
1.303,6
1.304,6
1.305,6
1.306,6
1.307,6
1.308,6
1.309,6
1.31,6
1.311,6
1.312,6
1.313,6
1.314,6
1.315,6
1.316,6
1.317,6
1.318,6
1.319,6
1.32,6
1.321,6
1.322,6
1.323,6
1.324,6
1.325,6
1.326,6
1.327,6
1.328,6
1.329,6
1.33,6
1.331,6
1.332,6
1.333,6
1.334,6
1.335,6
1.336,6
1.337,6
1.338,6
1.339,6
1.34,6
1.341,6
1.342,6
1.343,6
1.344,6
1.345,6
1.346,6
1.347,6
1.348,6
1.349,6
1.35,6
1.351,6
1.352,6
1.353,6
1.354,6
1.355,6
1.356,6
1.357,6
1.358,6
1.359,6
1.36,6
1.361,6
1.362,6
1.363,6
1.364,6
1.365,6
1.366,6
1.367,6
1.368,6
1.369,6
1.37,6
1.371,6
1.372,6
1.373,6
1.374,6
1.375,6
1.376,6
1.377,6
1.378,6
1.379,6
1.38,6
1.381,6
1.382,6
1.383,6
1.384,6
1.385,6
1.386,6
1.387,6
1.388,6
1.389,6
1.39,6
1.391,6
1.392,6
1.393,6
1.394,6
1.395,6
1.396,6
1.397,6
1.398,6
1.399,6
1.4,6
1.401,6
1.402,6
1.403,6
1.404,6
1.405,6
1.406,6
1.407,6
1.408,6
1.409,6
1.41,6
1.411,6
1.412,6
1.413,6
1.414,6
1.415,6
1.416,6
1.417,6
1.418,6
1.419,6
1.42,6
1.421,6
1.422,6
1.423,6
1.424,6
1.425,6
1.426,6
1.427,6
1.428,6
1.429,6
1.43,6
1.431,6
1.432,6
1.433,6
1.434,6
1.435,6
1.436,6
1.437,6
1.438,6
1.439,6
1.44,6
1.441,6
1.442,6
1.443,6
1.444,6
1.445,6
1.446,6
1.447,6
1.448,6
1.449,6
1.45,6
1.451,6
1.452,6
1.453,6
1.454,7
1.455,7
1.456,7
1.457,7
1.458,7
1.459,7
1.46,7
1.461,7
1.462,7
1.463,7
1.464,7
1.465,7
1.466,7
1.467,7
1.468,7
1.469,7
1.47,7
1.471,7
1.472,7
1.473,7
1.474,7
1.475,7
1.476,7
1.477,7
1.478,7
1.479,7
1.48,7
1.481,7
1.482,7
1.483,7
1.484,7
1.485,7
1.486,7
1.487,7
1.488,7
1.489,7
1.49,7
1.491,7
1.492,7
1.493,7
1.494,7
1.495,7
1.496,7
1.497,7
1.498,7
1.499,7
1.5,7
1.501,7
1.502,7
1.503,7
1.504,7
1.505,7
1.506,7
1.507,7
1.508,7
1.509,7
1.51,7
1.511,7
1.512,7
1.513,7
1.514,7
1.515,7
1.516,7
1.517,7
1.518,7
1.519,7
1.52,7
1.521,7
1.522,7
1.523,7
1.524,7
1.525,7
1.526,7
1.527,7
1.528,7
1.529,7
1.53,7
1.531,7
1.532,7
1.533,7
1.534,7
1.535,7
1.536,7
1.537,7
1.538,7
1.539,7
1.54,7
1.541,7
1.542,7
1.543,7
1.544,7
1.545,7
1.546,7
1.547,7
1.548,7
1.549,7
1.55,7
1.551,7
1.552,7
1.553,7
1.554,7
1.555,7
1.556,7
1.557,7
1.558,7
1.559,7
1.56,7
1.561,7
1.562,7
1.563,7
1.564,7
1.565,7
1.566,7
1.567,7
1.568,7
1.569,7
1.57,7
1.571,7
1.572,7
1.573,7
1.574,7
1.575,7
1.576,7
1.577,7
1.578,7
1.579,7
1.58,7
1.581,7
1.582,7
1.583,7
1.584,7
1.585,7
1.586,7
1.587,7
1.588,7
1.589,7
1.59,7
1.591,7
1.592,7
1.593,7
1.594,7
1.595,7
1.596,7
1.597,7
1.598,7
1.599,7
1.6,7
1.601,7
1.602,7
1.603,7
1.604,7
1.605,7
1.606,7
1.607,7
1.608,7
1.609,7
1.61,7
1.611,7
1.612,7
1.613,7
1.614,7
1.615,7
1.616,7
1.617,7
1.618,7
1.619,7
1.62,7
1.621,7
1.622,7
1.623,7
1.624,7
1.625,7
1.626,7
1.627,7
1.628,7
1.629,7
1.63,7
1.631,7
1.632,7
1.633,7
1.634,7
1.635,7
1.636,7
1.637,7
1.638,7
1.639,7
1.64,7
1.641,7
1.642,7
1.643,7
1.644,7
1.645,7
1.646,7
1.647,7
1.648,7
1.649,8
1.65,7
1.651,7
1.652,7
1.653,8
1.654,8
1.655,8
1.656,8
1.657,8
1.658,8
1.659,8
1.66,8
1.661,8
1.662,8
1.663,8
1.664,8
1.665,8
1.666,8
1.667,8
1.668,8
1.669,8
1.67,8
1.671,8
1.672,8
1.673,8
1.674,8
1.675,8
1.676,8
1.677,8
1.678,8
1.679,8
1.68,8
1.681,8
1.682,8
1.683,8
1.684,8
1.685,8
1.686,8
1.687,8
1.688,8
1.689,8
1.69,8
1.691,8
1.692,8
1.693,8
1.694,8
1.695,8
1.696,8
1.697,8
1.698,8
1.699,8
1.7,8
1.701,8
1.702,8
1.703,8
1.704,8
1.705,8
1.706,8
1.707,8
1.708,8
1.709,8
1.71,8
1.711,8
1.712,8
1.713,8
1.714,8
1.715,8
1.716,8
1.717,8
1.718,8
1.719,8
1.72,8
1.721,8
1.722,8
1.723,8
1.724,8
1.725,8
1.726,8
1.727,8
1.728,8
1.729,8
1.73,8
1.731,8
1.732,8
1.733,8
1.734,8
1.735,8
1.736,8
1.737,8
1.738,8
1.739,8
1.74,8
1.741,8
1.742,8
1.743,8
1.744,8
1.745,8
1.746,8
1.747,8
1.748,8
1.749,8
1.75,8
1.751,8
1.752,8
1.753,8
1.754,8
1.755,8
1.756,8
1.757,8
1.758,8
1.759,8
1.76,8
1.761,8
1.762,8
1.763,8
1.764,8
1.765,8
1.766,8
1.767,8
1.768,8
1.769,8
1.77,8
1.771,8
1.772,8
1.773,8
1.774,8
1.775,8
1.776,8
1.777,8
1.778,8
1.779,8
1.78,8
1.781,8
1.782,8
1.783,8
1.784,8
1.785,8
1.786,8
1.787,8
1.788,8
1.789,8
1.79,8
1.791,8
1.792,8
1.793,8
1.794,8
1.795,8
1.796,8
1.797,8
1.798,8
1.799,8
1.8,8
1.801,8
1.802,8
1.803,8
1.804,8
1.805,8
1.806,8
1.807,8
1.808,8
1.809,8
1.81,8
1.811,8
1.812,8
1.813,8
1.814,8
1.815,8
1.816,8
1.817,8
1.818,8
1.819,8
1.82,8
1.821,8
1.822,8
1.823,8
1.824,8
1.825,8
1.826,8
1.827,8
1.828,8
1.829,8
1.83,8
1.831,8
1.832,8
1.833,9
1.834,8
1.835,8
1.836,8
1.837,8
1.838,9
1.839,9
1.84,9
1.841,9
1.842,9
1.843,9
1.844,9
1.845,9
1.846,9
1.847,9
1.848,9
1.849,9
1.85,9
1.851,9
1.852,9
1.853,9
1.854,9
1.855,9
1.856,9
1.857,9
1.858,9
1.859,9
1.86,9
1.861,9
1.862,9
1.863,9
1.864,9
1.865,9
1.866,9
1.867,9
1.868,9
1.869,9
1.87,9
1.871,9
1.872,9
1.873,9
1.874,9
1.875,9
1.876,9
1.877,9
1.878,9
1.879,9
1.88,9
1.881,9
1.882,9
1.883,9
1.884,9
1.885,9
1.886,9
1.887,9
1.888,9
1.889,9
1.89,9
1.891,9
1.892,9
1.893,9
1.894,9
1.895,9
1.896,9
1.897,9
1.898,9
1.899,9
1.9,9
1.901,9
1.902,9
1.903,9
1.904,9
1.905,9
1.906,9
1.907,9
1.908,9
1.909,9
1.91,9
1.911,9
1.912,9
1.913,9
1.914,9
1.915,9
1.916,9
1.917,9
1.918,9
1.919,9
1.92,9
1.921,9
1.922,9
1.923,9
1.924,9
1.925,9
1.926,9
1.927,9
1.928,9
1.929,9
1.93,9
1.931,9
1.932,9
1.933,9
1.934,9
1.935,9
1.936,9
1.937,9
1.938,9
1.939,9
1.94,9
1.941,9
1.942,9
1.943,9
1.944,9
1.945,9
1.946,9
1.947,9
1.948,9
1.949,9
1.95,9
1.951,9
1.952,9
1.953,9
1.954,9
1.955,9
1.956,9
1.957,9
1.958,9
1.959,9
1.96,9
1.961,9
1.962,9
1.963,9
1.964,9
1.965,9
1.966,9
1.967,9
1.968,9
1.969,9
1.97,9
1.971,9
1.972,9
1.973,9
1.974,9
1.975,9
1.976,9
1.977,9
1.978,9
1.979,9
1.98,9
1.981,9
1.982,9
1.983,9
1.984,9
1.985,9
1.986,9
1.987,9
1.988,9
1.989,9
1.99,9
1.991,9
1.992,9
1.993,9
1.994,9
1.995,9
1.996,9
1.997,9
1.998,9
1.999,9
2.0,9
2.001,9
2.002,9
2.003,9
2.004,9
2.005,9
2.006,9
2.007,10
2.008,10
2.009,10
2.01,10
2.011,10
2.012,10
2.013,10
2.014,10
2.015,10
2.016,10
2.017,10
2.018,10
2.019,10
2.02,10
2.021,10
2.022,10
2.023,10
2.024,10
2.025,10
2.026,10
2.027,10
2.028,10
2.029,10
2.03,10
2.031,10
2.032,10
2.033,10
2.034,10
2.035,10
2.036,10
2.037,10
2.038,10
2.039,10
2.04,10
2.041,10
2.042,10
2.043,10
2.044,10
2.045,10
2.046,10
2.047,10
2.048,10
2.049,10
2.05,10
2.051,10
2.052,10
2.053,10
2.054,10
2.055,10
2.056,10
2.057,10
2.058,10
2.059,10
2.06,10
2.061,10
2.062,10
2.063,10
2.064,10
2.065,10
2.066,10
2.067,10
2.068,10
2.069,10
2.07,10
2.071,10
2.072,10
2.073,10
2.074,10
2.075,10
2.076,10
2.077,10
2.078,10
2.079,10
2.08,10
2.081,10
2.082,10
2.083,10
2.084,10
2.085,10
2.086,10
2.087,10
2.088,10
2.089,10
2.09,10
2.091,10
2.092,10
2.093,10
2.094,10
2.095,10
2.096,10
2.097,10
2.098,10
2.099,10
2.1,10
2.101,10
2.102,10
2.103,10
2.104,10
2.105,10
2.106,10
2.107,10
2.108,10
2.109,10
2.11,10
2.111,10
2.112,10
2.113,10
2.114,10
2.115,10
2.116,10
2.117,10
2.118,10
2.119,10
2.12,10
2.121,10
2.122,10
2.123,10
2.124,10
2.125,10
2.126,10
2.127,10
2.128,10
2.129,10
2.13,10
2.131,10
2.132,10
2.133,10
2.134,10
2.135,10
2.136,10
2.137,10
2.138,10
2.139,10
2.14,10
2.141,10
2.142,10
2.143,10
2.144,10
2.145,10
2.146,10
2.147,10
2.148,10
2.149,10
2.15,10
2.151,10
2.152,10
2.153,10
2.154,10
2.155,10
2.156,10
2.157,10
2.158,10
2.159,10
2.16,10
2.161,10
2.162,10
2.163,10
2.164,10
2.165,10
2.166,10
2.167,10
2.168,10
2.169,10
2.17,10
2.171,10
2.172,10
2.173,11
2.174,11
2.175,11
2.176,11
2.177,11
2.178,11
2.179,11
2.18,11
2.181,11
2.182,11
2.183,11
2.184,11
2.185,11
2.186,11
2.187,11
2.188,11
2.189,11
2.19,11
2.191,11
2.192,11
2.193,11
2.194,11
2.195,11
2.196,11
2.197,11
2.198,11
2.199,11
2.2,11
2.201,11
2.202,11
2.203,11
2.204,11
2.205,11
2.206,11
2.207,11
2.208,11
2.209,11
2.21,11
2.211,11
2.212,11
2.213,11
2.214,11
2.215,11
2.216,11
2.217,11
2.218,11
2.219,11
2.22,11
2.221,11
2.222,11
2.223,11
2.224,11
2.225,11
2.226,11
2.227,11
2.228,11
2.229,11
2.23,11
2.231,11
2.232,11
2.233,11
2.234,11
2.235,11
2.236,11
2.237,11
2.238,11
2.239,11
2.24,11
2.241,11
2.242,11
2.243,11
2.244,11
2.245,11
2.246,11
2.247,11
2.248,11
2.249,11
2.25,11
2.251,11
2.252,11
2.253,11
2.254,11
2.255,11
2.256,11
2.257,11
2.258,11
2.259,11
2.26,11
2.261,11
2.262,11
2.263,11
2.264,11
2.265,11
2.266,11
2.267,11
2.268,11
2.269,11
2.27,11
2.271,11
2.272,11
2.273,11
2.274,11
2.275,11
2.276,11
2.277,11
2.278,11
2.279,11
2.28,11
2.281,11
2.282,11
2.283,11
2.284,11
2.285,11
2.286,11
2.287,11
2.288,11
2.289,11
2.29,11
2.291,11
2.292,11
2.293,11
2.294,11
2.295,11
2.296,11
2.297,11
2.298,11
2.299,11
2.3,11
2.301,11
2.302,11
2.303,11
2.304,11
2.305,11
2.306,11
2.307,11
2.308,11
2.309,11
2.31,11
2.311,11
2.312,11
2.313,11
2.314,11
2.315,11
2.316,11
2.317,11
2.318,11
2.319,11
2.32,11
2.321,11
2.322,11
2.323,11
2.324,11
2.325,12
2.326,11
2.327,12
2.328,11
2.329,12
2.33,11
2.331,12
2.332,12
2.333,12
2.334,12
2.335,12
2.336,12
2.337,12
2.338,12
2.339,12
2.34,12
2.341,12
2.342,12
2.343,12
2.344,12
2.345,12
2.346,12
2.347,12
2.348,12
2.349,12
2.35,12
2.351,12
2.352,12
2.353,12
2.354,12
2.355,12
2.356,12
2.357,12
2.358,12
2.359,12
2.36,12
2.361,12
2.362,12
2.363,12
2.364,12
2.365,12
2.366,12
2.367,12
2.368,12
2.369,12
2.37,12
2.371,12
2.372,12
2.373,12
2.374,12
2.375,12
2.376,12
2.377,12
2.378,12
2.379,12
2.38,12
2.381,12
2.382,12
2.383,12
2.384,12
2.385,12
2.386,12
2.387,12
2.388,12
2.389,12
2.39,12
2.391,12
2.392,12
2.393,12
2.394,12
2.395,12
2.396,12
2.397,12
2.398,12
2.399,12
2.4,12
2.401,12
2.402,12
2.403,12
2.404,12
2.405,12
2.406,12
2.407,12
2.408,12
2.409,12
2.41,12
2.411,12
2.412,12
2.413,12
2.414,12
2.415,12
2.416,12
2.417,12
2.418,12
2.419,12
2.42,12
2.421,12
2.422,12
2.423,12
2.424,12
2.425,12
2.426,12
2.427,12
2.428,12
2.429,12
2.43,12
2.431,12
2.432,12
2.433,12
2.434,12
2.435,12
2.436,12
2.437,12
2.438,12
2.439,12
2.44,12
2.441,12
2.442,12
2.443,12
2.444,12
2.445,12
2.446,12
2.447,12
2.448,12
2.449,12
2.45,12
2.451,12
2.452,12
2.453,12
2.454,12
2.455,12
2.456,12
2.457,12
2.458,12
2.459,12
2.46,12
2.461,12
2.462,12
2.463,12
2.464,12
2.465,12
2.466,12
2.467,12
2.468,12
2.469,12
2.47,12
2.471,12
2.472,12
2.473,13
2.474,13
2.475,12
2.476,13
2.477,13
2.478,13
2.479,13
2.48,13
2.481,13
2.482,13
2.483,13
2.484,13
2.485,13
2.486,13
2.487,13
2.488,13
2.489,13
2.49,13
2.491,13
2.492,13
2.493,13
2.494,13
2.495,13
2.496,13
2.497,13
2.498,13
2.499,13
2.5,13
2.501,13
2.502,13
2.503,13
2.504,13
2.505,13
2.506,13
2.507,13
2.508,13
2.509,13
2.51,13
2.511,13
2.512,13
2.513,13
2.514,13
2.515,13
2.516,13
2.517,13
2.518,13
2.519,13
2.52,13
2.521,13
2.522,13
2.523,13
2.524,13
2.525,13
2.526,13
2.527,13
2.528,13
2.529,13
2.53,13
2.531,13
2.532,13
2.533,13
2.534,13
2.535,13
2.536,13
2.537,13
2.538,13
2.539,13
2.54,13
2.541,13
2.542,13
2.543,13
2.544,13
2.545,13
2.546,13
2.547,13
2.548,13
2.549,13
2.55,13
2.551,13
2.552,13
2.553,13
2.554,13
2.555,13
2.556,13
2.557,13
2.558,13
2.559,13
2.56,13
2.561,13
2.562,13
2.563,13
2.564,13
2.565,13
2.566,13
2.567,13
2.568,13
2.569,13
2.57,13
2.571,13
2.572,13
2.573,13
2.574,13
2.575,13
2.576,13
2.577,13
2.578,13
2.579,13
2.58,13
2.581,13
2.582,13
2.583,13
2.584,13
2.585,13
2.586,13
2.587,13
2.588,13
2.589,13
2.59,13
2.591,13
2.592,13
2.593,13
2.594,13
2.595,13
2.596,13
2.597,13
2.598,13
2.599,13
2.6,13
2.601,13
2.602,13
2.603,13
2.604,13
2.605,13
2.606,13
2.607,13
2.608,13
2.609,13
2.61,13
2.611,14
2.612,14
2.613,13
2.614,13
2.615,14
2.616,14
2.617,14
2.618,14
2.619,14
2.62,14
2.621,14
2.622,14
2.623,14
2.624,14
2.625,14
2.626,14
2.627,14
2.628,14
2.629,14
2.63,14
2.631,14
2.632,14
2.633,14
2.634,14
2.635,14
2.636,14
2.637,14
2.638,14
2.639,14
2.64,14
2.641,14
2.642,14
2.643,14
2.644,14
2.645,14
2.646,14
2.647,14
2.648,14
2.649,14
2.65,14
2.651,14
2.652,14
2.653,14
2.654,14
2.655,14
2.656,14
2.657,14
2.658,14
2.659,14
2.66,14
2.661,14
2.662,14
2.663,14
2.664,14
2.665,14
2.666,14
2.667,14
2.668,14
2.669,14
2.67,14
2.671,14
2.672,14
2.673,14
2.674,14
2.675,14
2.676,14
2.677,14
2.678,14
2.679,14
2.68,14
2.681,14
2.682,14
2.683,14
2.684,14
2.685,14
2.686,14
2.687,14
2.688,14
2.689,14
2.69,14
2.691,14
2.692,14
2.693,14
2.694,14
2.695,14
2.696,14
2.697,14
2.698,14
2.699,14
2.7,14
2.701,14
2.702,14
2.703,14
2.704,14
2.705,14
2.706,14
2.707,14
2.708,14
2.709,14
2.71,14
2.711,14
2.712,14
2.713,14
2.714,14
2.715,14
2.716,14
2.717,14
2.718,14
2.719,14
2.72,14
2.721,14
2.722,14
2.723,14
2.724,14
2.725,14
2.726,14
2.727,14
2.728,14
2.729,14
2.73,14
2.731,14
2.732,14
2.733,14
2.734,14
2.735,14
2.736,14
2.737,14
2.738,14
2.739,14
2.74,14
2.741,14
2.742,14
2.743,14
2.744,14
2.745,14
2.746,14
2.747,15
2.748,15
2.749,14
2.75,14
2.751,15
2.752,15
2.753,15
2.754,15
2.755,15
2.756,15
2.757,15
2.758,15
2.759,15
2.76,15
2.761,15
2.762,15
2.763,15
2.764,15
2.765,15
2.766,15
2.767,15
2.768,15
2.769,15
2.77,15
2.771,15
2.772,15
2.773,15
2.774,15
2.775,15
2.776,15
2.777,15
2.778,15
2.779,15
2.78,15
2.781,15
2.782,15
2.783,15
2.784,15
2.785,15
2.786,15
2.787,15
2.788,15
2.789,15
2.79,15
2.791,15
2.792,15
2.793,15
2.794,15
2.795,15
2.796,15
2.797,15
2.798,15
2.799,15
2.8,15
2.801,15
2.802,15
2.803,15
2.804,15
2.805,15
2.806,15
2.807,15
2.808,15
2.809,15
2.81,15
2.811,15
2.812,15
2.813,15
2.814,15
2.815,15
2.816,15
2.817,15
2.818,15
2.819,15
2.82,15
2.821,15
2.822,15
2.823,15
2.824,15
2.825,15
2.826,15
2.827,15
2.828,15
2.829,15
2.83,15
2.831,15
2.832,15
2.833,15
2.834,15
2.835,15
2.836,15
2.837,15
2.838,15
2.839,15
2.84,15
2.841,15
2.842,15
2.843,15
2.844,15
2.845,15
2.846,15
2.847,15
2.848,15
2.849,15
2.85,15
2.851,15
2.852,15
2.853,15
2.854,15
2.855,15
2.856,15
2.857,15
2.858,15
2.859,15
2.86,15
2.861,15
2.862,15
2.863,15
2.864,15
2.865,15
2.866,15
2.867,15
2.868,15
2.869,15
2.87,15
2.871,15
2.872,15
2.873,16
2.874,15
2.875,15
2.876,16
2.877,15
2.878,15
2.879,16
2.88,16
2.881,16
2.882,16
2.883,16
2.884,16
2.885,16
2.886,16
2.887,16
2.888,16
2.889,16
2.89,16
2.891,16
2.892,16
2.893,16
2.894,16
2.895,16
2.896,16
2.897,16
2.898,16
2.899,16
2.9,16
2.901,16
2.902,16
2.903,16
2.904,16
2.905,16
2.906,16
2.907,16
2.908,16
2.909,16
2.91,16
2.911,16
2.912,16
2.913,16
2.914,16
2.915,16
2.916,16
2.917,16
2.918,16
2.919,16
2.92,16
2.921,16
2.922,16
2.923,16
2.924,16
2.925,16
2.926,16
2.927,16
2.928,16
2.929,16
2.93,16
2.931,16
2.932,16
2.933,16
2.934,16
2.935,16
2.936,16
2.937,16
2.938,16
2.939,16
2.94,16
2.941,16
2.942,16
2.943,16
2.944,16
2.945,16
2.946,16
2.947,16
2.948,16
2.949,16
2.95,16
2.951,16
2.952,16
2.953,16
2.954,16
2.955,16
2.956,16
2.957,16
2.958,16
2.959,16
2.96,16
2.961,16
2.962,16
2.963,16
2.964,16
2.965,16
2.966,16
2.967,16
2.968,16
2.969,16
2.97,16
2.971,16
2.972,16
2.973,16
2.974,16
2.975,16
2.976,16
2.977,16
2.978,16
2.979,16
2.98,16
2.981,16
2.982,16
2.983,16
2.984,16
2.985,16
2.986,16
2.987,16
2.988,16
2.989,16
2.99,16
2.991,16
2.992,16
2.993,16
2.994,16
2.995,16
2.996,16
2.997,16
2.998,16
2.999,16
3.0,16
3.001,17
3.002,17
3.003,17
3.004,17
3.005,17
3.006,17
3.007,17
3.008,17
3.009,17
3.01,17
3.011,17
3.012,17
3.013,17
3.014,17
3.015,17
3.016,17
3.017,17
3.018,17
3.019,17
3.02,17
3.021,17
3.022,17
3.023,17
3.024,17
3.025,17
3.026,17
3.027,17
3.028,17
3.029,17
3.03,17
3.031,17
3.032,17
3.033,17
3.034,17
3.035,17
3.036,17
3.037,17
3.038,17
3.039,17
3.04,17
3.041,17
3.042,17
3.043,17
3.044,17
3.045,17
3.046,17
3.047,17
3.048,17
3.049,17
3.05,17
3.051,17
3.052,17
3.053,17
3.054,17
3.055,17
3.056,17
3.057,17
3.058,17
3.059,17
3.06,17
3.061,17
3.062,17
3.063,17
3.064,17
3.065,17
3.066,17
3.067,17
3.068,17
3.069,17
3.07,17
3.071,17
3.072,17
3.073,17
3.074,17
3.075,17
3.076,17
3.077,17
3.078,17
3.079,17
3.08,17
3.081,17
3.082,17
3.083,17
3.084,17
3.085,17
3.086,17
3.087,17
3.088,17
3.089,17
3.09,17
3.091,17
3.092,17
3.093,17
3.094,17
3.095,17
3.096,17
3.097,17
3.098,17
3.099,17
3.1,17
3.101,17
3.102,17
3.103,17
3.104,17
3.105,17
3.106,17
3.107,17
3.108,17
3.109,17
3.11,17
3.111,17
3.112,17
3.113,17
3.114,17
3.115,17
3.116,17
3.117,17
3.118,17
3.119,17
3.12,17
3.121,17
3.122,17
3.123,17
3.124,17
3.125,18
3.126,18
3.127,18
3.128,18
3.129,18
3.13,18
3.131,18
3.132,18
3.133,18
3.134,18
3.135,18
3.136,18
3.137,18
3.138,18
3.139,18
3.14,18
3.141,18
3.142,18
3.143,18
3.144,18
3.145,18
3.146,18
3.147,18
3.148,18
3.149,18
3.15,18
3.151,18
3.152,18
3.153,18
3.154,18
3.155,18
3.156,18
3.157,18
3.158,18
3.159,18
3.16,18
3.161,18
3.162,18
3.163,18
3.164,18
3.165,18
3.166,18
3.167,18
3.168,18
3.169,18
3.17,18
3.171,18
3.172,18
3.173,18
3.174,18
3.175,18
3.176,18
3.177,18
3.178,18
3.179,18
3.18,18
3.181,18
3.182,18
3.183,18
3.184,18
3.185,18
3.186,18
3.187,18
3.188,18
3.189,18
3.19,18
3.191,18
3.192,18
3.193,18
3.194,18
3.195,18
3.196,18
3.197,18
3.198,18
3.199,18
3.2,18
3.201,18
3.202,18
3.203,18
3.204,18
3.205,18
3.206,18
3.207,18
3.208,18
3.209,18
3.21,18
3.211,18
3.212,18
3.213,18
3.214,18
3.215,18
3.216,18
3.217,18
3.218,18
3.219,18
3.22,18
3.221,18
3.222,18
3.223,18
3.224,18
3.225,18
3.226,18
3.227,18
3.228,18
3.229,18
3.23,18
3.231,18
3.232,18
3.233,18
3.234,18
3.235,19
3.236,19
3.237,18
3.238,18
3.239,19
3.24,19
3.241,19
3.242,19
3.243,19
3.244,19
3.245,19
3.246,19
3.247,19
3.248,19
3.249,19
3.25,19
3.251,19
3.252,19
3.253,19
3.254,19
3.255,19
3.256,19
3.257,19
3.258,19
3.259,19
3.26,19
3.261,19
3.262,19
3.263,19
3.264,19
3.265,19
3.266,19
3.267,19
3.268,19
3.269,19
3.27,19
3.271,19
3.272,19
3.273,19
3.274,19
3.275,19
3.276,19
3.277,19
3.278,19
3.279,19
3.28,19
3.281,19
3.282,19
3.283,19
3.284,19
3.285,19
3.286,19
3.287,19
3.288,19
3.289,19
3.29,19
3.291,19
3.292,19
3.293,19
3.294,19
3.295,19
3.296,19
3.297,19
3.298,19
3.299,19
3.3,19
3.301,19
3.302,19
3.303,19
3.304,19
3.305,19
3.306,19
3.307,19
3.308,19
3.309,19
3.31,19
3.311,19
3.312,19
3.313,19
3.314,19
3.315,19
3.316,19
3.317,19
3.318,19
3.319,19
3.32,19
3.321,19
3.322,19
3.323,19
3.324,19
3.325,19
3.326,19
3.327,19
3.328,19
3.329,19
3.33,19
3.331,19
3.332,19
3.333,19
3.334,19
3.335,19
3.336,19
3.337,19
3.338,19
3.339,19
3.34,19
3.341,19
3.342,19
3.343,19
3.344,19
3.345,19
3.346,20
3.347,19
3.348,20
3.349,20
3.35,19
3.351,20
3.352,20
3.353,20
3.354,20
3.355,20
3.356,20
3.357,20
3.358,20
3.359,20
3.36,20
3.361,20
3.362,20
3.363,20
3.364,20
3.365,20
3.366,20
3.367,20
3.368,20
3.369,20
3.37,20
3.371,20
3.372,20
3.373,20
3.374,20
3.375,20
3.376,20
3.377,20
3.378,20
3.379,20
3.38,20
3.381,20
3.382,20
3.383,20
3.384,20
3.385,20
3.386,20
3.387,20
3.388,20
3.389,20
3.39,20
3.391,20
3.392,20
3.393,20
3.394,20
3.395,20
3.396,20
3.397,20
3.398,20
3.399,20
3.4,20
3.401,20
3.402,20
3.403,20
3.404,20
3.405,20
3.406,20
3.407,20
3.408,20
3.409,20
3.41,20
3.411,20
3.412,20
3.413,20
3.414,20
3.415,20
3.416,20
3.417,20
3.418,20
3.419,20
3.42,20
3.421,20
3.422,20
3.423,20
3.424,20
3.425,20
3.426,20
3.427,20
3.428,20
3.429,20
3.43,20
3.431,20
3.432,20
3.433,20
3.434,20
3.435,20
3.436,20
3.437,20
3.438,20
3.439,20
3.44,20
3.441,20
3.442,20
3.443,20
3.444,20
3.445,20
3.446,20
3.447,20
3.448,20
3.449,20
3.45,20
3.451,20
3.452,20
3.453,20
3.454,20
3.455,21
3.456,21
3.457,21
3.458,21
3.459,21
3.46,21
3.461,21
3.462,21
3.463,21
3.464,21
3.465,21
3.466,21
3.467,21
3.468,21
3.469,21
3.47,21
3.471,21
3.472,21
3.473,21
3.474,21
3.475,21
3.476,21
3.477,21
3.478,21
3.479,21
3.48,21
3.481,21
3.482,21
3.483,21
3.484,21
3.485,21
3.486,21
3.487,21
3.488,21
3.489,21
3.49,21
3.491,21
3.492,21
3.493,21
3.494,21
3.495,21
3.496,21
3.497,21
3.498,21
3.499,21
3.5,21
3.501,21
3.502,21
3.503,21
3.504,21
3.505,21
3.506,21
3.507,21
3.508,21
3.509,21
3.51,21
3.511,21
3.512,21
3.513,21
3.514,21
3.515,21
3.516,21
3.517,21
3.518,21
3.519,21
3.52,21
3.521,21
3.522,21
3.523,21
3.524,21
3.525,21
3.526,21
3.527,21
3.528,21
3.529,21
3.53,21
3.531,21
3.532,21
3.533,21
3.534,21
3.535,21
3.536,21
3.537,21
3.538,21
3.539,21
3.54,21
3.541,21
3.542,21
3.543,21
3.544,21
3.545,21
3.546,21
3.547,21
3.548,21
3.549,21
3.55,21
3.551,21
3.552,21
3.553,21
3.554,21
3.555,21
3.556,21
3.557,21
3.558,21
3.559,21
3.56,21
3.561,22
3.562,21
3.563,21
3.564,22
3.565,22
3.566,22
3.567,22
3.568,22
3.569,22
3.57,22
3.571,22
3.572,22
3.573,22
3.574,22
3.575,22
3.576,22
3.577,22
3.578,22
3.579,22
3.58,22
3.581,22
3.582,22
3.583,22
3.584,22
3.585,22
3.586,22
3.587,22
3.588,22
3.589,22
3.59,22
3.591,22
3.592,22
3.593,22
3.594,22
3.595,22
3.596,22
3.597,22
3.598,22
3.599,22
3.6,22
3.601,22
3.602,22
3.603,22
3.604,22
3.605,22
3.606,22
3.607,22
3.608,22
3.609,22
3.61,22
3.611,22
3.612,22
3.613,22
3.614,22
3.615,22
3.616,22
3.617,22
3.618,22
3.619,22
3.62,22
3.621,22
3.622,22
3.623,22
3.624,22
3.625,22
3.626,22
3.627,22
3.628,22
3.629,22
3.63,22
3.631,22
3.632,22
3.633,22
3.634,22
3.635,22
3.636,22
3.637,22
3.638,22
3.639,22
3.64,22
3.641,22
3.642,22
3.643,22
3.644,22
3.645,22
3.646,22
3.647,22
3.648,22
3.649,22
3.65,22
3.651,22
3.652,22
3.653,22
3.654,22
3.655,22
3.656,22
3.657,22
3.658,22
3.659,22
3.66,22
3.661,22
3.662,23
3.663,22
3.664,23
3.665,22
3.666,23
3.667,23
3.668,23
3.669,23
3.67,23
3.671,23
3.672,23
3.673,23
3.674,23
3.675,23
3.676,23
3.677,23
3.678,23
3.679,23
3.68,23
3.681,23
3.682,23
3.683,23
3.684,23
3.685,23
3.686,23
3.687,23
3.688,23
3.689,23
3.69,23
3.691,23
3.692,23
3.693,23
3.694,23
3.695,23
3.696,23
3.697,23
3.698,23
3.699,23
3.7,23
3.701,23
3.702,23
3.703,23
3.704,23
3.705,23
3.706,23
3.707,23
3.708,23
3.709,23
3.71,23
3.711,23
3.712,23
3.713,23
3.714,23
3.715,23
3.716,23
3.717,23
3.718,23
3.719,23
3.72,23
3.721,23
3.722,23
3.723,23
3.724,23
3.725,23
3.726,23
3.727,23
3.728,23
3.729,23
3.73,23
3.731,23
3.732,23
3.733,23
3.734,23
3.735,23
3.736,23
3.737,23
3.738,23
3.739,23
3.74,23
3.741,23
3.742,23
3.743,23
3.744,23
3.745,23
3.746,23
3.747,23
3.748,23
3.749,23
3.75,23
3.751,23
3.752,23
3.753,23
3.754,23
3.755,23
3.756,23
3.757,23
3.758,23
3.759,23
3.76,23
3.761,23
3.762,23
3.763,24
3.764,23
3.765,23
3.766,24
3.767,24
3.768,24
3.769,24
3.77,24
3.771,24
3.772,24
3.773,24
3.774,24
3.775,24
3.776,24
3.777,24
3.778,24
3.779,24
3.78,24
3.781,24
3.782,24
3.783,24
3.784,24
3.785,24
3.786,24
3.787,24
3.788,24
3.789,24
3.79,24
3.791,24
3.792,24
3.793,24
3.794,24
3.795,24
3.796,24
3.797,24
3.798,24
3.799,24
3.8,24
3.801,24
3.802,24
3.803,24
3.804,24
3.805,24
3.806,24
3.807,24
3.808,24
3.809,24
3.81,24
3.811,24
3.812,24
3.813,24
3.814,24
3.815,24
3.816,24
3.817,24
3.818,24
3.819,24
3.82,24
3.821,24
3.822,24
3.823,24
3.824,24
3.825,24
3.826,24
3.827,24
3.828,24
3.829,24
3.83,24
3.831,24
3.832,24
3.833,24
3.834,24
3.835,24
3.836,24
3.837,24
3.838,24
3.839,24
3.84,24
3.841,24
3.842,24
3.843,24
3.844,24
3.845,24
3.846,24
3.847,24
3.848,24
3.849,24
3.85,24
3.851,24
3.852,24
3.853,24
3.854,24
3.855,24
3.856,24
3.857,24
3.858,24
3.859,24
3.86,24
3.861,24
3.862,25
3.863,25
3.864,24
3.865,25
3.866,25
3.867,25
3.868,25
3.869,25
3.87,25
3.871,25
3.872,25
3.873,25
3.874,25
3.875,25
3.876,25
3.877,25
3.878,25
3.879,25
3.88,25
3.881,25
3.882,25
3.883,25
3.884,25
3.885,25
3.886,25
3.887,25
3.888,25
3.889,25
3.89,25
3.891,25
3.892,25
3.893,25
3.894,25
3.895,25
3.896,25
3.897,25
3.898,25
3.899,25
3.9,25
3.901,25
3.902,25
3.903,25
3.904,25
3.905,25
3.906,25
3.907,25
3.908,25
3.909,25
3.91,25
3.911,25
3.912,25
3.913,25
3.914,25
3.915,25
3.916,25
3.917,25
3.918,25
3.919,25
3.92,25
3.921,25
3.922,25
3.923,25
3.924,25
3.925,25
3.926,25
3.927,25
3.928,25
3.929,25
3.93,25
3.931,25
3.932,25
3.933,25
3.934,25
3.935,25
3.936,25
3.937,25
3.938,25
3.939,25
3.94,25
3.941,25
3.942,25
3.943,25
3.944,25
3.945,25
3.946,25
3.947,25
3.948,25
3.949,25
3.95,25
3.951,25
3.952,25
3.953,25
3.954,25
3.955,25
3.956,25
3.957,26
3.958,26
3.959,26
3.96,26
3.961,26
3.962,26
3.963,26
3.964,26
3.965,26
3.966,26
3.967,26
3.968,26
3.969,26
3.97,26
3.971,26
3.972,26
3.973,26
3.974,26
3.975,26
3.976,26
3.977,26
3.978,26
3.979,26
3.98,26
3.981,26
3.982,26
3.983,26
3.984,26
3.985,26
3.986,26
3.987,26
3.988,26
3.989,26
3.99,26
3.991,26
3.992,26
3.993,26
3.994,26
3.995,26
3.996,26
3.997,26
3.998,26
3.999,26
4.0,26
