x,Erfc,TS05,TS10,TS15,TS20,TS30
-3,0.0013499,0.672517,-0.0134278,0.00138904,0.00134987,0.0013499,
-2.99,0.00139489,0.645679,-0.0123146,0.00142999,0.00139487,0.00139489,
-2.98,0.00144124,0.619827,-0.0112738,0.00147271,0.00144122,0.00144124,
-2.97,0.001489,0.594928,-0.0103008,0.0015172,0.00148898,0.001489,
-2.96,0.0015382,0.570952,-0.00939069,0.00156346,0.00153818,0.0015382,
-2.95,0.00158887,0.547868,-0.00853931,0.0016115,0.00158886,0.00158887,
-2.94,0.00164106,0.525645,-0.00774256,0.00166132,0.00164105,0.00164106,
-2.93,0.00169481,0.504255,-0.00699666,0.00171294,0.0016948,0.00169481,
-2.92,0.00175016,0.483669,-0.00629803,0.00176637,0.00175015,0.00175016,
-2.91,0.00180714,0.463862,-0.00564333,0.00182164,0.00180714,0.00180714,
-2.9,0.00186581,0.444805,-0.00502945,0.00187877,0.00186581,0.00186581,
-2.89,0.00192621,0.426474,-0.00445345,0.00193779,0.0019262,0.00192621,
-2.88,0.00198838,0.408844,-0.00391259,0.00199872,0.00198837,0.00198838,
-2.87,0.00205236,0.39189,-0.0034043,0.00206159,0.00205236,0.00205236,
-2.86,0.00211821,0.37559,-0.00292618,0.00212644,0.0021182,0.00211821,
-2.85,0.00218596,0.359921,-0.00247597,0.00219331,0.00218596,0.00218596,
-2.84,0.00225568,0.344861,-0.00205156,0.00226223,0.00225567,0.00225568,
-2.83,0.0023274,0.330389,-0.00165098,0.00233324,0.0023274,0.0023274,
-2.82,0.00240118,0.316485,-0.00127239,0.00240639,0.00240118,0.00240118,
-2.81,0.00247707,0.303127,-0.000914043,0.00248171,0.00247707,0.00247708,
-2.8,0.00255513,0.290299,-0.00057433,0.00255925,0.00255513,0.00255513,
-2.79,0.0026354,0.27798,-0.000251733,0.00263907,0.0026354,0.0026354,
-2.78,0.00271794,0.266152,5.51673e-05,0.00272121,0.00271794,0.00271795,
-2.77,0.00280281,0.254799,0.000347699,0.00280572,0.00280281,0.00280282,
-2.76,0.00289007,0.243903,0.000627106,0.00289265,0.00289007,0.00289007,
-2.75,0.00297976,0.233448,0.000894553,0.00298205,0.00297976,0.00297976,
-2.74,0.00307196,0.223419,0.00115113,0.00307399,0.00307196,0.00307196,
-2.73,0.00316672,0.213799,0.00139786,0.00316852,0.00316672,0.00316672,
-2.72,0.0032641,0.204574,0.00163569,0.0032657,0.0032641,0.0032641,
-2.71,0.00336416,0.19573,0.00186553,0.00336558,0.00336416,0.00336416,
-2.7,0.00346697,0.187253,0.00208821,0.00346823,0.00346697,0.00346697,
-2.69,0.0035726,0.179129,0.00230452,0.00357372,0.0035726,0.0035726,
-2.68,0.00368111,0.171346,0.00251521,0.0036821,0.00368111,0.00368111,
-2.67,0.00379256,0.163891,0.00272095,0.00379344,0.00379256,0.00379256,
-2.66,0.00390703,0.156752,0.00292241,0.00390781,0.00390703,0.00390703,
-2.65,0.00402459,0.149917,0.00312018,0.00402527,0.00402459,0.00402459,
-2.64,0.0041453,0.143375,0.00331486,0.00414591,0.0041453,0.0041453,
-2.63,0.00426924,0.137116,0.00350697,0.00426978,0.00426924,0.00426924,
-2.62,0.00439649,0.131128,0.00369702,0.00439696,0.00439649,0.00439649,
-2.61,0.00452711,0.125402,0.00388549,0.00452753,0.00452711,0.00452711,
-2.6,0.00466119,0.119927,0.00407283,0.00466156,0.00466119,0.00466119,
-2.59,0.0047988,0.114694,0.00425947,0.00479912,0.0047988,0.0047988,
-2.58,0.00494002,0.109695,0.00444581,0.0049403,0.00494002,0.00494002,
-2.57,0.00508493,0.10492,0.00463222,0.00508518,0.00508493,0.00508493,
-2.56,0.00523361,0.10036,0.00481906,0.00523383,0.00523361,0.00523361,
-2.55,0.00538615,0.0960082,0.00500668,0.00538634,0.00538615,0.00538615,
-2.54,0.00554262,0.0918558,0.00519539,0.00554279,0.00554262,0.00554262,
-2.53,0.00570313,0.0878954,0.0053855,0.00570328,0.00570313,0.00570313,
-2.52,0.00586774,0.0841196,0.00557731,0.00586787,0.00586774,0.00586774,
-2.51,0.00603656,0.0805213,0.00577109,0.00603667,0.00603656,0.00603656,
-2.5,0.00620967,0.0770937,0.0059671,0.00620977,0.00620967,0.00620967,
-2.49,0.00638715,0.0738302,0.0061656,0.00638724,0.00638716,0.00638716,
-2.48,0.00656912,0.0707245,0.00636683,0.0065692,0.00656912,0.00656912,
-2.47,0.00675565,0.0677704,0.00657103,0.00675572,0.00675565,0.00675565,
-2.46,0.00694685,0.0649621,0.00677841,0.00694691,0.00694685,0.00694685,
-2.45,0.00714281,0.0622939,0.00698919,0.00714286,0.00714281,0.00714281,
-2.44,0.00734363,0.0597603,0.00720359,0.00734368,0.00734363,0.00734363,
-2.43,0.00754941,0.0573562,0.00742179,0.00754945,0.00754941,0.00754941,
-2.42,0.00776025,0.0550764,0.007644,0.00776029,0.00776025,0.00776025,
-2.41,0.00797626,0.0529161,0.0078704,0.00797629,0.00797626,0.00797626,
-2.4,0.00819754,0.0508707,0.00810119,0.00819756,0.00819754,0.00819754,
-2.39,0.00842419,0.0489356,0.00833652,0.00842421,0.00842419,0.00842419,
-2.38,0.00865632,0.0471066,0.00857659,0.00865634,0.00865632,0.00865632,
-2.37,0.00889404,0.0453795,0.00882156,0.00889406,0.00889404,0.00889404,
-2.36,0.00913747,0.0437503,0.00907161,0.00913748,0.00913747,0.00913747,
-2.35,0.00938671,0.0422152,0.00932688,0.00938672,0.00938671,0.00938671,
-2.34,0.00964187,0.0407705,0.00958755,0.00964188,0.00964187,0.00964187,
-2.33,0.00990308,0.0394127,0.00985378,0.00990309,0.00990308,0.00990308,
-2.32,0.0101704,0.0381384,0.0101257,0.0101704,0.0101704,0.0101704,
-2.31,0.0104441,0.0369444,0.0104035,0.0104441,0.0104441,0.0104441,
-2.3,0.0107241,0.0358275,0.0106874,0.0107241,0.0107241,0.0107241,
-2.29,0.0110107,0.0347848,0.0109774,0.0110107,0.0110107,0.0110107,
-2.28,0.0113038,0.0338135,0.0112737,0.0113038,0.0113038,0.0113038,
-2.27,0.0116038,0.0329107,0.0115765,0.0116038,0.0116038,0.0116038,
-2.26,0.0119106,0.0320738,0.0118859,0.0119106,0.0119106,0.0119106,
-2.25,0.0122245,0.0313005,0.0122021,0.0122245,0.0122245,0.0122245,
-2.24,0.0125455,0.0305881,0.0125253,0.0125455,0.0125455,0.0125455,
-2.23,0.0128737,0.0299344,0.0128555,0.0128737,0.0128737,0.0128737,
-2.22,0.0132094,0.0293373,0.0131929,0.0132094,0.0132094,0.0132094,
-2.21,0.0135526,0.0287947,0.0135377,0.0135526,0.0135526,0.0135526,
-2.2,0.0139034,0.0283044,0.01389,0.0139034,0.0139034,0.0139034,
-2.19,0.0142621,0.0278646,0.01425,0.0142621,0.0142621,0.0142621,
-2.18,0.0146287,0.0274735,0.0146178,0.0146287,0.0146287,0.0146287,
-2.17,0.0150034,0.0271292,0.0149936,0.0150034,0.0150034,0.0150034,
-2.16,0.0153863,0.0268302,0.0153775,0.0153863,0.0153863,0.0153863,
-2.15,0.0157776,0.0265749,0.0157696,0.0157776,0.0157776,0.0157776,
-2.14,0.0161774,0.0263616,0.0161702,0.0161774,0.0161774,0.0161774,
-2.13,0.0165858,0.026189,0.0165794,0.0165858,0.0165858,0.0165858,
-2.12,0.017003,0.0260557,0.0169972,0.017003,0.017003,0.017003,
-2.11,0.0174292,0.0259604,0.017424,0.0174292,0.0174292,0.0174292,
-2.1,0.0178644,0.0259018,0.0178598,0.0178644,0.0178644,0.0178644,
-2.09,0.0183089,0.0258788,0.0183047,0.0183089,0.0183089,0.0183089,
-2.08,0.0187628,0.0258902,0.018759,0.0187628,0.0187628,0.0187628,
-2.07,0.0192262,0.0259349,0.0192228,0.0192262,0.0192262,0.0192262,
-2.06,0.0196993,0.0260119,0.0196963,0.0196993,0.0196993,0.0196993,
-2.05,0.0201822,0.0261203,0.0201795,0.0201822,0.0201822,0.0201822,
-2.04,0.0206752,0.0262592,0.0206727,0.0206752,0.0206752,0.0206752,
-2.03,0.0211783,0.0264277,0.0211761,0.0211783,0.0211783,0.0211783,
-2.02,0.0216917,0.0266249,0.0216898,0.0216917,0.0216917,0.0216917,
-2.01,0.0222156,0.0268502,0.0222139,0.0222156,0.0222156,0.0222156,
-2,0.0227501,0.0271028,0.0227486,0.0227501,0.0227501,0.0227501,
-1.99,0.0232955,0.0273819,0.0232941,0.0232955,0.0232955,0.0232955,
-1.98,0.0238518,0.027687,0.0238505,0.0238518,0.0238518,0.0238518,
-1.97,0.0244192,0.0280175,0.0244181,0.0244192,0.0244192,0.0244192,
-1.96,0.0249979,0.0283727,0.0249969,0.0249979,0.0249979,0.0249979,
-1.95,0.0255881,0.0287522,0.0255872,0.0255881,0.0255881,0.0255881,
-1.94,0.0261898,0.0291554,0.0261891,0.0261898,0.0261898,0.0261898,
-1.93,0.0268034,0.0295819,0.0268027,0.0268034,0.0268034,0.0268034,
-1.92,0.0274289,0.0300312,0.0274283,0.027429,0.027429,0.027429,
-1.91,0.0280666,0.0305029,0.0280661,0.0280666,0.0280666,0.0280666,
-1.9,0.0287166,0.0309967,0.0287161,0.0287166,0.0287166,0.0287166,
-1.89,0.029379,0.0315122,0.0293786,0.029379,0.029379,0.029379,
-1.88,0.030054,0.032049,0.0300537,0.030054,0.030054,0.030054,
-1.87,0.0307419,0.0326069,0.0307416,0.0307419,0.0307419,0.0307419,
-1.86,0.0314428,0.0331856,0.0314425,0.0314428,0.0314428,0.0314428,
-1.85,0.0321568,0.0337849,0.0321565,0.0321568,0.0321568,0.0321568,
-1.84,0.0328841,0.0344044,0.0328839,0.0328841,0.0328841,0.0328841,
-1.83,0.033625,0.0350441,0.0336248,0.033625,0.033625,0.033625,
-1.82,0.0343795,0.0357036,0.0343793,0.0343795,0.0343795,0.0343795,
-1.81,0.0351479,0.0363828,0.0351477,0.0351479,0.0351479,0.0351479,
-1.8,0.0359303,0.0370817,0.0359302,0.0359303,0.0359303,0.0359303,
-1.79,0.036727,0.0377999,0.0367268,0.036727,0.036727,0.036727,
-1.78,0.037538,0.0385375,0.0375379,0.037538,0.037538,0.037538,
-1.77,0.0383636,0.0392942,0.0383635,0.0383636,0.0383636,0.0383636,
-1.76,0.0392039,0.0400701,0.0392038,0.0392039,0.0392039,0.0392039,
-1.75,0.0400592,0.040865,0.0400591,0.0400592,0.0400592,0.0400592,
-1.74,0.0409295,0.0416789,0.0409294,0.0409295,0.0409295,0.0409295,
-1.73,0.0418151,0.0425118,0.0418151,0.0418151,0.0418151,0.0418151,
-1.72,0.0427162,0.0433635,0.0427162,0.0427162,0.0427162,0.0427162,
-1.71,0.0436329,0.0442341,0.0436329,0.0436329,0.0436329,0.0436329,
-1.7,0.0445655,0.0451235,0.0445654,0.0445655,0.0445655,0.0445655,
-1.69,0.045514,0.0460318,0.0455139,0.045514,0.045514,0.045514,
-1.68,0.0464787,0.0469589,0.0464786,0.0464787,0.0464787,0.0464787,
-1.67,0.0474597,0.0479048,0.0474597,0.0474597,0.0474597,0.0474597,
-1.66,0.0484572,0.0488697,0.0484572,0.0484572,0.0484572,0.0484572,
-1.65,0.0494715,0.0498535,0.0494714,0.0494715,0.0494715,0.0494715,
-1.64,0.0505026,0.0508562,0.0505026,0.0505026,0.0505026,0.0505026,
-1.63,0.0515507,0.0518779,0.0515507,0.0515507,0.0515507,0.0515507,
-1.62,0.0526161,0.0529187,0.0526161,0.0526161,0.0526161,0.0526161,
-1.61,0.0536989,0.0539786,0.0536989,0.0536989,0.0536989,0.0536989,
-1.6,0.0547993,0.0550576,0.0547993,0.0547993,0.0547993,0.0547993,
-1.59,0.0559174,0.0561559,0.0559174,0.0559174,0.0559174,0.0559174,
-1.58,0.0570534,0.0572736,0.0570534,0.0570534,0.0570534,0.0570534,
-1.57,0.0582076,0.0584106,0.0582075,0.0582076,0.0582076,0.0582076,
-1.56,0.0593799,0.0595671,0.0593799,0.0593799,0.0593799,0.0593799,
-1.55,0.0605708,0.0607432,0.0605708,0.0605708,0.0605708,0.0605708,
-1.54,0.0617802,0.061939,0.0617802,0.0617802,0.0617802,0.0617802,
-1.53,0.0630084,0.0631545,0.0630084,0.0630084,0.0630084,0.0630084,
-1.52,0.0642555,0.0643899,0.0642555,0.0642555,0.0642555,0.0642555,
-1.51,0.0655217,0.0656453,0.0655217,0.0655217,0.0655217,0.0655217,
-1.5,0.0668072,0.0669208,0.0668072,0.0668072,0.0668072,0.0668072,
-1.49,0.0681121,0.0682164,0.0681121,0.0681121,0.0681121,0.0681121,
-1.48,0.0694366,0.0695323,0.0694366,0.0694366,0.0694366,0.0694366,
-1.47,0.0707809,0.0708687,0.0707809,0.0707809,0.0707809,0.0707809,
-1.46,0.072145,0.0722255,0.072145,0.072145,0.072145,0.072145,
-1.45,0.0735293,0.073603,0.0735293,0.0735293,0.0735293,0.0735293,
-1.44,0.0749337,0.0750012,0.0749337,0.0749337,0.0749337,0.0749337,
-1.43,0.0763585,0.0764202,0.0763585,0.0763585,0.0763585,0.0763585,
-1.42,0.0778038,0.0778603,0.0778038,0.0778038,0.0778038,0.0778038,
-1.41,0.0792698,0.0793214,0.0792698,0.0792698,0.0792698,0.0792698,
-1.4,0.0807567,0.0808037,0.0807567,0.0807567,0.0807567,0.0807567,
-1.39,0.0822644,0.0823074,0.0822644,0.0822644,0.0822644,0.0822644,
-1.38,0.0837933,0.0838325,0.0837933,0.0837933,0.0837933,0.0837933,
-1.37,0.0853435,0.0853791,0.0853435,0.0853435,0.0853435,0.0853435,
-1.36,0.086915,0.0869475,0.086915,0.086915,0.086915,0.086915,
-1.35,0.088508,0.0885376,0.088508,0.088508,0.088508,0.088508,
-1.34,0.0901227,0.0901496,0.0901227,0.0901227,0.0901227,0.0901227,
-1.33,0.0917591,0.0917836,0.0917591,0.0917591,0.0917591,0.0917591,
-1.32,0.0934175,0.0934397,0.0934175,0.0934175,0.0934175,0.0934175,
-1.31,0.0950979,0.095118,0.0950979,0.0950979,0.0950979,0.0950979,
-1.3,0.0968005,0.0968187,0.0968005,0.0968005,0.0968005,0.0968005,
-1.29,0.0985253,0.0985419,0.0985253,0.0985253,0.0985253,0.0985253,
-1.28,0.100273,0.100288,0.100273,0.100273,0.100273,0.100273,
-1.27,0.102042,0.102056,0.102042,0.102042,0.102042,0.102042,
-1.26,0.103835,0.103847,0.103835,0.103835,0.103835,0.103835,
-1.25,0.10565,0.105661,0.10565,0.10565,0.10565,0.10565,
-1.24,0.107488,0.107498,0.107488,0.107488,0.107488,0.107488,
-1.23,0.109349,0.109358,0.109349,0.109349,0.109349,0.109349,
-1.22,0.111232,0.111241,0.111232,0.111232,0.111232,0.111232,
-1.21,0.113139,0.113147,0.113139,0.113139,0.113139,0.113139,
-1.2,0.11507,0.115076,0.11507,0.11507,0.11507,0.11507,
-1.19,0.117023,0.117029,0.117023,0.117023,0.117023,0.117023,
-1.18,0.119,0.119005,0.119,0.119,0.119,0.119,
-1.17,0.121,0.121005,0.121,0.121,0.121,0.121,
-1.16,0.123024,0.123029,0.123024,0.123024,0.123024,0.123024,
-1.15,0.125072,0.125076,0.125072,0.125072,0.125072,0.125072,
-1.14,0.127143,0.127147,0.127143,0.127143,0.127143,0.127143,
-1.13,0.129238,0.129241,0.129238,0.129238,0.129238,0.129238,
-1.12,0.131357,0.13136,0.131357,0.131357,0.131357,0.131357,
-1.11,0.1335,0.133502,0.1335,0.1335,0.1335,0.1335,
-1.1,0.135666,0.135668,0.135666,0.135666,0.135666,0.135666,
-1.09,0.137857,0.137858,0.137857,0.137857,0.137857,0.137857,
-1.08,0.140071,0.140073,0.140071,0.140071,0.140071,0.140071,
-1.07,0.14231,0.142311,0.14231,0.14231,0.14231,0.14231,
-1.06,0.144572,0.144574,0.144572,0.144572,0.144572,0.144572,
-1.05,0.146859,0.14686,0.146859,0.146859,0.146859,0.146859,
-1.04,0.14917,0.149171,0.14917,0.14917,0.14917,0.14917,
-1.03,0.151505,0.151506,0.151505,0.151505,0.151505,0.151505,
-1.02,0.153864,0.153865,0.153864,0.153864,0.153864,0.153864,
-1.01,0.156248,0.156248,0.156248,0.156248,0.156248,0.156248,
-1,0.158655,0.158656,0.158655,0.158655,0.158655,0.158655,
-0.99,0.161087,0.161088,0.161087,0.161087,0.161087,0.161087,
-0.98,0.163543,0.163544,0.163543,0.163543,0.163543,0.163543,
-0.97,0.166023,0.166024,0.166023,0.166023,0.166023,0.166023,
-0.96,0.168528,0.168528,0.168528,0.168528,0.168528,0.168528,
-0.95,0.171056,0.171056,0.171056,0.171056,0.171056,0.171056,
-0.94,0.173609,0.173609,0.173609,0.173609,0.173609,0.173609,
-0.93,0.176186,0.176186,0.176186,0.176186,0.176186,0.176186,
-0.92,0.178786,0.178787,0.178786,0.178786,0.178786,0.178786,
-0.91,0.181411,0.181411,0.181411,0.181411,0.181411,0.181411,
-0.9,0.18406,0.18406,0.18406,0.18406,0.18406,0.18406,
-0.89,0.186733,0.186733,0.186733,0.186733,0.186733,0.186733,
-0.88,0.18943,0.18943,0.18943,0.18943,0.18943,0.18943,
-0.87,0.19215,0.19215,0.19215,0.19215,0.19215,0.19215,
-0.86,0.194895,0.194895,0.194895,0.194895,0.194895,0.194895,
-0.85,0.197663,0.197663,0.197663,0.197663,0.197663,0.197663,
-0.84,0.200454,0.200454,0.200454,0.200454,0.200454,0.200454,
-0.83,0.203269,0.203269,0.203269,0.203269,0.203269,0.203269,
-0.82,0.206108,0.206108,0.206108,0.206108,0.206108,0.206108,
-0.81,0.20897,0.20897,0.20897,0.20897,0.20897,0.20897,
-0.8,0.211855,0.211855,0.211855,0.211855,0.211855,0.211855,
-0.79,0.214764,0.214764,0.214764,0.214764,0.214764,0.214764,
-0.78,0.217695,0.217695,0.217695,0.217695,0.217695,0.217695,
-0.77,0.22065,0.22065,0.22065,0.22065,0.22065,0.22065,
-0.76,0.223627,0.223627,0.223627,0.223627,0.223627,0.223627,
-0.75,0.226627,0.226627,0.226627,0.226627,0.226627,0.226627,
-0.74,0.22965,0.22965,0.22965,0.22965,0.22965,0.22965,
-0.73,0.232695,0.232695,0.232695,0.232695,0.232695,0.232695,
-0.72,0.235762,0.235763,0.235762,0.235762,0.235762,0.235762,
-0.71,0.238852,0.238852,0.238852,0.238852,0.238852,0.238852,
-0.7,0.241964,0.241964,0.241964,0.241964,0.241964,0.241964,
-0.69,0.245097,0.245097,0.245097,0.245097,0.245097,0.245097,
-0.68,0.248252,0.248252,0.248252,0.248252,0.248252,0.248252,
-0.67,0.251429,0.251429,0.251429,0.251429,0.251429,0.251429,
-0.66,0.254627,0.254627,0.254627,0.254627,0.254627,0.254627,
-0.65,0.257846,0.257846,0.257846,0.257846,0.257846,0.257846,
-0.64,0.261086,0.261086,0.261086,0.261086,0.261086,0.261086,
-0.63,0.264347,0.264347,0.264347,0.264347,0.264347,0.264347,
-0.62,0.267629,0.267629,0.267629,0.267629,0.267629,0.267629,
-0.61,0.270931,0.270931,0.270931,0.270931,0.270931,0.270931,
-0.6,0.274253,0.274253,0.274253,0.274253,0.274253,0.274253,
-0.59,0.277595,0.277595,0.277595,0.277595,0.277595,0.277595,
-0.58,0.280957,0.280957,0.280957,0.280957,0.280957,0.280957,
-0.57,0.284339,0.284339,0.284339,0.284339,0.284339,0.284339,
-0.56,0.28774,0.28774,0.28774,0.28774,0.28774,0.28774,
-0.55,0.29116,0.29116,0.29116,0.29116,0.29116,0.29116,
-0.54,0.294599,0.294599,0.294599,0.294599,0.294599,0.294599,
-0.53,0.298056,0.298056,0.298056,0.298056,0.298056,0.298056,
-0.52,0.301532,0.301532,0.301532,0.301532,0.301532,0.301532,
-0.51,0.305026,0.305026,0.305026,0.305026,0.305026,0.305026,
-0.5,0.308538,0.308538,0.308538,0.308538,0.308538,0.308538,
-0.49,0.312067,0.312067,0.312067,0.312067,0.312067,0.312067,
-0.48,0.315614,0.315614,0.315614,0.315614,0.315614,0.315614,
-0.47,0.319178,0.319178,0.319178,0.319178,0.319178,0.319178,
-0.46,0.322758,0.322758,0.322758,0.322758,0.322758,0.322758,
-0.45,0.326355,0.326355,0.326355,0.326355,0.326355,0.326355,
-0.44,0.329969,0.329969,0.329969,0.329969,0.329969,0.329969,
-0.43,0.333598,0.333598,0.333598,0.333598,0.333598,0.333598,
-0.42,0.337243,0.337243,0.337243,0.337243,0.337243,0.337243,
-0.41,0.340903,0.340903,0.340903,0.340903,0.340903,0.340903,
-0.4,0.344578,0.344578,0.344578,0.344578,0.344578,0.344578,
-0.39,0.348268,0.348268,0.348268,0.348268,0.348268,0.348268,
-0.38,0.351973,0.351973,0.351973,0.351973,0.351973,0.351973,
-0.37,0.355691,0.355691,0.355691,0.355691,0.355691,0.355691,
-0.36,0.359424,0.359424,0.359424,0.359424,0.359424,0.359424,
-0.35,0.363169,0.363169,0.363169,0.363169,0.363169,0.363169,
-0.34,0.366928,0.366928,0.366928,0.366928,0.366928,0.366928,
-0.33,0.3707,0.3707,0.3707,0.3707,0.3707,0.3707,
-0.32,0.374484,0.374484,0.374484,0.374484,0.374484,0.374484,
-0.31,0.37828,0.37828,0.37828,0.37828,0.37828,0.37828,
-0.3,0.382089,0.382089,0.382089,0.382089,0.382089,0.382089,
-0.29,0.385908,0.385908,0.385908,0.385908,0.385908,0.385908,
-0.28,0.389739,0.389739,0.389739,0.389739,0.389739,0.389739,
-0.27,0.39358,0.39358,0.39358,0.39358,0.39358,0.39358,
-0.26,0.397432,0.397432,0.397432,0.397432,0.397432,0.397432,
-0.25,0.401294,0.401294,0.401294,0.401294,0.401294,0.401294,
-0.24,0.405165,0.405165,0.405165,0.405165,0.405165,0.405165,
-0.23,0.409046,0.409046,0.409046,0.409046,0.409046,0.409046,
-0.22,0.412936,0.412936,0.412936,0.412936,0.412936,0.412936,
-0.21,0.416834,0.416834,0.416834,0.416834,0.416834,0.416834,
-0.2,0.42074,0.42074,0.42074,0.42074,0.42074,0.42074,
-0.19,0.424655,0.424655,0.424655,0.424655,0.424655,0.424655,
-0.18,0.428576,0.428576,0.428576,0.428576,0.428576,0.428576,
-0.17,0.432505,0.432505,0.432505,0.432505,0.432505,0.432505,
-0.16,0.436441,0.436441,0.436441,0.436441,0.436441,0.436441,
-0.15,0.440382,0.440382,0.440382,0.440382,0.440382,0.440382,
-0.14,0.44433,0.44433,0.44433,0.44433,0.44433,0.44433,
-0.13,0.448283,0.448283,0.448283,0.448283,0.448283,0.448283,
-0.12,0.452242,0.452242,0.452242,0.452242,0.452242,0.452242,
-0.11,0.456205,0.456205,0.456205,0.456205,0.456205,0.456205,
-0.1,0.460172,0.460172,0.460172,0.460172,0.460172,0.460172,
-0.09,0.464144,0.464144,0.464144,0.464144,0.464144,0.464144,
-0.08,0.468119,0.468119,0.468119,0.468119,0.468119,0.468119,
-0.07,0.472097,0.472097,0.472097,0.472097,0.472097,0.472097,
-0.06,0.476078,0.476078,0.476078,0.476078,0.476078,0.476078,
-0.05,0.480061,0.480061,0.480061,0.480061,0.480061,0.480061,
-0.04,0.484047,0.484047,0.484047,0.484047,0.484047,0.484047,
-0.03,0.488034,0.488034,0.488034,0.488034,0.488034,0.488034,
-0.02,0.492022,0.492022,0.492022,0.492022,0.492022,0.492022,
-0.01,0.496011,0.496011,0.496011,0.496011,0.496011,0.496011,
-1.96752e-14,0.5,0.5,0.5,0.5,0.5,0.5,
0.01,0.503989,0.503989,0.503989,0.503989,0.503989,0.503989,
0.02,0.507978,0.507978,0.507978,0.507978,0.507978,0.507978,
0.03,0.511966,0.511966,0.511966,0.511966,0.511966,0.511966,
0.04,0.515953,0.515953,0.515953,0.515953,0.515953,0.515953,
0.05,0.519939,0.519939,0.519939,0.519939,0.519939,0.519939,
0.06,0.523922,0.523922,0.523922,0.523922,0.523922,0.523922,
0.07,0.527903,0.527903,0.527903,0.527903,0.527903,0.527903,
0.08,0.531881,0.531881,0.531881,0.531881,0.531881,0.531881,
0.09,0.535856,0.535856,0.535856,0.535856,0.535856,0.535856,
0.1,0.539828,0.539828,0.539828,0.539828,0.539828,0.539828,
0.11,0.543795,0.543795,0.543795,0.543795,0.543795,0.543795,
0.12,0.547758,0.547758,0.547758,0.547758,0.547758,0.547758,
0.13,0.551717,0.551717,0.551717,0.551717,0.551717,0.551717,
0.14,0.55567,0.55567,0.55567,0.55567,0.55567,0.55567,
0.15,0.559618,0.559618,0.559618,0.559618,0.559618,0.559618,
0.16,0.563559,0.563559,0.563559,0.563559,0.563559,0.563559,
0.17,0.567495,0.567495,0.567495,0.567495,0.567495,0.567495,
0.18,0.571424,0.571424,0.571424,0.571424,0.571424,0.571424,
0.19,0.575345,0.575345,0.575345,0.575345,0.575345,0.575345,
0.2,0.57926,0.57926,0.57926,0.57926,0.57926,0.57926,
0.21,0.583166,0.583166,0.583166,0.583166,0.583166,0.583166,
0.22,0.587064,0.587064,0.587064,0.587064,0.587064,0.587064,
0.23,0.590954,0.590954,0.590954,0.590954,0.590954,0.590954,
0.24,0.594835,0.594835,0.594835,0.594835,0.594835,0.594835,
0.25,0.598706,0.598706,0.598706,0.598706,0.598706,0.598706,
0.26,0.602568,0.602568,0.602568,0.602568,0.602568,0.602568,
0.27,0.60642,0.60642,0.60642,0.60642,0.60642,0.60642,
0.28,0.610261,0.610261,0.610261,0.610261,0.610261,0.610261,
0.29,0.614092,0.614092,0.614092,0.614092,0.614092,0.614092,
0.3,0.617911,0.617911,0.617911,0.617911,0.617911,0.617911,
0.31,0.62172,0.62172,0.62172,0.62172,0.62172,0.62172,
0.32,0.625516,0.625516,0.625516,0.625516,0.625516,0.625516,
0.33,0.6293,0.6293,0.6293,0.6293,0.6293,0.6293,
0.34,0.633072,0.633072,0.633072,0.633072,0.633072,0.633072,
0.35,0.636831,0.636831,0.636831,0.636831,0.636831,0.636831,
0.36,0.640576,0.640576,0.640576,0.640576,0.640576,0.640576,
0.37,0.644309,0.644309,0.644309,0.644309,0.644309,0.644309,
0.38,0.648027,0.648027,0.648027,0.648027,0.648027,0.648027,
0.39,0.651732,0.651732,0.651732,0.651732,0.651732,0.651732,
0.4,0.655422,0.655422,0.655422,0.655422,0.655422,0.655422,
0.41,0.659097,0.659097,0.659097,0.659097,0.659097,0.659097,
0.42,0.662757,0.662757,0.662757,0.662757,0.662757,0.662757,
0.43,0.666402,0.666402,0.666402,0.666402,0.666402,0.666402,
0.44,0.670031,0.670031,0.670031,0.670031,0.670031,0.670031,
0.45,0.673645,0.673645,0.673645,0.673645,0.673645,0.673645,
0.46,0.677242,0.677242,0.677242,0.677242,0.677242,0.677242,
0.47,0.680822,0.680822,0.680822,0.680822,0.680822,0.680822,
0.48,0.684386,0.684386,0.684386,0.684386,0.684386,0.684386,
0.49,0.687933,0.687933,0.687933,0.687933,0.687933,0.687933,
0.5,0.691462,0.691462,0.691462,0.691462,0.691462,0.691462,
0.51,0.694974,0.694974,0.694974,0.694974,0.694974,0.694974,
0.52,0.698468,0.698468,0.698468,0.698468,0.698468,0.698468,
0.53,0.701944,0.701944,0.701944,0.701944,0.701944,0.701944,
0.54,0.705401,0.705401,0.705401,0.705401,0.705401,0.705401,
0.55,0.70884,0.70884,0.70884,0.70884,0.70884,0.70884,
0.56,0.71226,0.71226,0.71226,0.71226,0.71226,0.71226,
0.57,0.715661,0.715661,0.715661,0.715661,0.715661,0.715661,
0.58,0.719043,0.719043,0.719043,0.719043,0.719043,0.719043,
0.59,0.722405,0.722405,0.722405,0.722405,0.722405,0.722405,
0.6,0.725747,0.725747,0.725747,0.725747,0.725747,0.725747,
0.61,0.729069,0.729069,0.729069,0.729069,0.729069,0.729069,
0.62,0.732371,0.732371,0.732371,0.732371,0.732371,0.732371,
0.63,0.735653,0.735653,0.735653,0.735653,0.735653,0.735653,
0.64,0.738914,0.738914,0.738914,0.738914,0.738914,0.738914,
0.65,0.742154,0.742154,0.742154,0.742154,0.742154,0.742154,
0.66,0.745373,0.745373,0.745373,0.745373,0.745373,0.745373,
0.67,0.748571,0.748571,0.748571,0.748571,0.748571,0.748571,
0.68,0.751748,0.751748,0.751748,0.751748,0.751748,0.751748,
0.69,0.754903,0.754903,0.754903,0.754903,0.754903,0.754903,
0.7,0.758036,0.758036,0.758036,0.758036,0.758036,0.758036,
0.71,0.761148,0.761148,0.761148,0.761148,0.761148,0.761148,
0.72,0.764238,0.764237,0.764238,0.764238,0.764238,0.764238,
0.73,0.767305,0.767305,0.767305,0.767305,0.767305,0.767305,
0.74,0.77035,0.77035,0.77035,0.77035,0.77035,0.77035,
0.75,0.773373,0.773373,0.773373,0.773373,0.773373,0.773373,
0.76,0.776373,0.776373,0.776373,0.776373,0.776373,0.776373,
0.77,0.77935,0.77935,0.77935,0.77935,0.77935,0.77935,
0.78,0.782305,0.782305,0.782305,0.782305,0.782305,0.782305,
0.79,0.785236,0.785236,0.785236,0.785236,0.785236,0.785236,
0.8,0.788145,0.788145,0.788145,0.788145,0.788145,0.788145,
0.81,0.79103,0.79103,0.79103,0.79103,0.79103,0.79103,
0.82,0.793892,0.793892,0.793892,0.793892,0.793892,0.793892,
0.83,0.796731,0.796731,0.796731,0.796731,0.796731,0.796731,
0.84,0.799546,0.799546,0.799546,0.799546,0.799546,0.799546,
0.85,0.802337,0.802337,0.802337,0.802337,0.802337,0.802337,
0.86,0.805105,0.805105,0.805105,0.805105,0.805105,0.805105,
0.87,0.80785,0.80785,0.80785,0.80785,0.80785,0.80785,
0.88,0.81057,0.81057,0.81057,0.81057,0.81057,0.81057,
0.89,0.813267,0.813267,0.813267,0.813267,0.813267,0.813267,
0.9,0.81594,0.81594,0.81594,0.81594,0.81594,0.81594,
0.91,0.818589,0.818589,0.818589,0.818589,0.818589,0.818589,
0.92,0.821214,0.821213,0.821214,0.821214,0.821214,0.821214,
0.93,0.823814,0.823814,0.823814,0.823814,0.823814,0.823814,
0.94,0.826391,0.826391,0.826391,0.826391,0.826391,0.826391,
0.95,0.828944,0.828944,0.828944,0.828944,0.828944,0.828944,
0.96,0.831472,0.831472,0.831472,0.831472,0.831472,0.831472,
0.97,0.833977,0.833976,0.833977,0.833977,0.833977,0.833977,
0.98,0.836457,0.836456,0.836457,0.836457,0.836457,0.836457,
0.99,0.838913,0.838912,0.838913,0.838913,0.838913,0.838913,
1,0.841345,0.841344,0.841345,0.841345,0.841345,0.841345,
1.01,0.843752,0.843752,0.843752,0.843752,0.843752,0.843752,
1.02,0.846136,0.846135,0.846136,0.846136,0.846136,0.846136,
1.03,0.848495,0.848494,0.848495,0.848495,0.848495,0.848495,
1.04,0.85083,0.850829,0.85083,0.85083,0.85083,0.85083,
1.05,0.853141,0.85314,0.853141,0.853141,0.853141,0.853141,
1.06,0.855428,0.855426,0.855428,0.855428,0.855428,0.855428,
1.07,0.85769,0.857689,0.85769,0.85769,0.85769,0.85769,
1.08,0.859929,0.859927,0.859929,0.859929,0.859929,0.859929,
1.09,0.862143,0.862142,0.862143,0.862143,0.862143,0.862143,
1.1,0.864334,0.864332,0.864334,0.864334,0.864334,0.864334,
1.11,0.8665,0.866498,0.8665,0.8665,0.8665,0.8665,
1.12,0.868643,0.86864,0.868643,0.868643,0.868643,0.868643,
1.13,0.870762,0.870759,0.870762,0.870762,0.870762,0.870762,
1.14,0.872857,0.872853,0.872857,0.872857,0.872857,0.872857,
1.15,0.874928,0.874924,0.874928,0.874928,0.874928,0.874928,
1.16,0.876976,0.876971,0.876976,0.876976,0.876976,0.876976,
1.17,0.879,0.878995,0.879,0.879,0.879,0.879,
1.18,0.881,0.880995,0.881,0.881,0.881,0.881,
1.19,0.882977,0.882971,0.882977,0.882977,0.882977,0.882977,
1.2,0.88493,0.884924,0.88493,0.88493,0.88493,0.88493,
1.21,0.886861,0.886853,0.886861,0.886861,0.886861,0.886861,
1.22,0.888768,0.888759,0.888768,0.888768,0.888768,0.888768,
1.23,0.890651,0.890642,0.890651,0.890651,0.890651,0.890651,
1.24,0.892512,0.892502,0.892512,0.892512,0.892512,0.892512,
1.25,0.89435,0.894339,0.89435,0.89435,0.89435,0.89435,
1.26,0.896165,0.896153,0.896165,0.896165,0.896165,0.896165,
1.27,0.897958,0.897944,0.897958,0.897958,0.897958,0.897958,
1.28,0.899727,0.899712,0.899727,0.899727,0.899727,0.899727,
1.29,0.901475,0.901458,0.901475,0.901475,0.901475,0.901475,
1.3,0.9032,0.903181,0.9032,0.9032,0.9032,0.9032,
1.31,0.904902,0.904882,0.904902,0.904902,0.904902,0.904902,
1.32,0.906582,0.90656,0.906582,0.906582,0.906582,0.906582,
1.33,0.908241,0.908216,0.908241,0.908241,0.908241,0.908241,
1.34,0.909877,0.90985,0.909877,0.909877,0.909877,0.909877,
1.35,0.911492,0.911462,0.911492,0.911492,0.911492,0.911492,
1.36,0.913085,0.913053,0.913085,0.913085,0.913085,0.913085,
1.37,0.914657,0.914621,0.914657,0.914657,0.914657,0.914657,
1.38,0.916207,0.916168,0.916207,0.916207,0.916207,0.916207,
1.39,0.917736,0.917693,0.917736,0.917736,0.917736,0.917736,
1.4,0.919243,0.919196,0.919243,0.919243,0.919243,0.919243,
1.41,0.92073,0.920679,0.92073,0.92073,0.92073,0.92073,
1.42,0.922196,0.92214,0.922196,0.922196,0.922196,0.922196,
1.43,0.923641,0.92358,0.923641,0.923641,0.923641,0.923641,
1.44,0.925066,0.924999,0.925066,0.925066,0.925066,0.925066,
1.45,0.926471,0.926397,0.926471,0.926471,0.926471,0.926471,
1.46,0.927855,0.927775,0.927855,0.927855,0.927855,0.927855,
1.47,0.929219,0.929131,0.929219,0.929219,0.929219,0.929219,
1.48,0.930563,0.930468,0.930563,0.930563,0.930563,0.930563,
1.49,0.931888,0.931784,0.931888,0.931888,0.931888,0.931888,
1.5,0.933193,0.933079,0.933193,0.933193,0.933193,0.933193,
1.51,0.934478,0.934355,0.934478,0.934478,0.934478,0.934478,
1.52,0.935745,0.93561,0.935745,0.935745,0.935745,0.935745,
1.53,0.936992,0.936845,0.936992,0.936992,0.936992,0.936992,
1.54,0.93822,0.938061,0.93822,0.93822,0.93822,0.93822,
1.55,0.939429,0.939257,0.939429,0.939429,0.939429,0.939429,
1.56,0.94062,0.940433,0.94062,0.94062,0.94062,0.94062,
1.57,0.941792,0.941589,0.941792,0.941792,0.941792,0.941792,
1.58,0.942947,0.942726,0.942947,0.942947,0.942947,0.942947,
1.59,0.944083,0.943844,0.944083,0.944083,0.944083,0.944083,
1.6,0.945201,0.944942,0.945201,0.945201,0.945201,0.945201,
1.61,0.946301,0.946021,0.946301,0.946301,0.946301,0.946301,
1.62,0.947384,0.947081,0.947384,0.947384,0.947384,0.947384,
1.63,0.948449,0.948122,0.948449,0.948449,0.948449,0.948449,
1.64,0.949497,0.949144,0.949497,0.949497,0.949497,0.949497,
1.65,0.950529,0.950147,0.950529,0.950529,0.950529,0.950529,
1.66,0.951543,0.95113,0.951543,0.951543,0.951543,0.951543,
1.67,0.95254,0.952095,0.95254,0.95254,0.95254,0.95254,
1.68,0.953521,0.953041,0.953521,0.953521,0.953521,0.953521,
1.69,0.954486,0.953968,0.954486,0.954486,0.954486,0.954486,
1.7,0.955435,0.954877,0.955435,0.955435,0.955435,0.955435,
1.71,0.956367,0.955766,0.956367,0.956367,0.956367,0.956367,
1.72,0.957284,0.956637,0.957284,0.957284,0.957284,0.957284,
1.73,0.958185,0.957488,0.958185,0.958185,0.958185,0.958185,
1.74,0.95907,0.958321,0.959071,0.95907,0.95907,0.95907,
1.75,0.959941,0.959135,0.959941,0.959941,0.959941,0.959941,
1.76,0.960796,0.95993,0.960796,0.960796,0.960796,0.960796,
1.77,0.961636,0.960706,0.961637,0.961636,0.961636,0.961636,
1.78,0.962462,0.961463,0.962462,0.962462,0.962462,0.962462,
1.79,0.963273,0.9622,0.963273,0.963273,0.963273,0.963273,
1.8,0.96407,0.962918,0.96407,0.96407,0.96407,0.96407,
1.81,0.964852,0.963617,0.964852,0.964852,0.964852,0.964852,
1.82,0.96562,0.964296,0.965621,0.96562,0.96562,0.96562,
1.83,0.966375,0.964956,0.966375,0.966375,0.966375,0.966375,
1.84,0.967116,0.965596,0.967116,0.967116,0.967116,0.967116,
1.85,0.967843,0.966215,0.967843,0.967843,0.967843,0.967843,
1.86,0.968557,0.966814,0.968558,0.968557,0.968557,0.968557,
1.87,0.969258,0.967393,0.969258,0.969258,0.969258,0.969258,
1.88,0.969946,0.967951,0.969946,0.969946,0.969946,0.969946,
1.89,0.970621,0.968488,0.970621,0.970621,0.970621,0.970621,
1.9,0.971283,0.969003,0.971284,0.971283,0.971283,0.971283,
1.91,0.971933,0.969497,0.971934,0.971933,0.971933,0.971933,
1.92,0.972571,0.969969,0.972572,0.972571,0.972571,0.972571,
1.93,0.973197,0.970418,0.973197,0.973197,0.973197,0.973197,
1.94,0.97381,0.970845,0.973811,0.97381,0.97381,0.97381,
1.95,0.974412,0.971248,0.974413,0.974412,0.974412,0.974412,
1.96,0.975002,0.971627,0.975003,0.975002,0.975002,0.975002,
1.97,0.975581,0.971983,0.975582,0.975581,0.975581,0.975581,
1.98,0.976148,0.972313,0.976149,0.976148,0.976148,0.976148,
1.99,0.976705,0.972618,0.976706,0.976705,0.976705,0.976705,
2,0.97725,0.972897,0.977251,0.97725,0.97725,0.97725,
2.01,0.977784,0.97315,0.977786,0.977784,0.977784,0.977784,
2.02,0.978308,0.973375,0.97831,0.978308,0.978308,0.978308,
2.03,0.978822,0.973572,0.978824,0.978822,0.978822,0.978822,
2.04,0.979325,0.973741,0.979327,0.979325,0.979325,0.979325,
2.05,0.979818,0.97388,0.97982,0.979818,0.979818,0.979818,
2.06,0.980301,0.973988,0.980304,0.980301,0.980301,0.980301,
2.07,0.980774,0.974065,0.980777,0.980774,0.980774,0.980774,
2.08,0.981237,0.97411,0.981241,0.981237,0.981237,0.981237,
2.09,0.981691,0.974121,0.981695,0.981691,0.981691,0.981691,
2.1,0.982136,0.974098,0.98214,0.982136,0.982136,0.982136,
2.11,0.982571,0.97404,0.982576,0.982571,0.982571,0.982571,
2.12,0.982997,0.973944,0.983003,0.982997,0.982997,0.982997,
2.13,0.983414,0.973811,0.983421,0.983414,0.983414,0.983414,
2.14,0.983823,0.973638,0.98383,0.983823,0.983823,0.983823,
2.15,0.984222,0.973425,0.98423,0.984222,0.984222,0.984222,
2.16,0.984614,0.97317,0.984623,0.984614,0.984614,0.984614,
2.17,0.984997,0.972871,0.985006,0.984997,0.984997,0.984997,
2.18,0.985371,0.972527,0.985382,0.985371,0.985371,0.985371,
2.19,0.985738,0.972135,0.98575,0.985738,0.985738,0.985738,
2.2,0.986097,0.971696,0.98611,0.986097,0.986097,0.986097,
2.21,0.986447,0.971205,0.986462,0.986447,0.986447,0.986447,
2.22,0.986791,0.970663,0.986807,0.986791,0.986791,0.986791,
2.23,0.987126,0.970066,0.987145,0.987126,0.987126,0.987126,
2.24,0.987455,0.969412,0.987475,0.987455,0.987455,0.987455,
2.25,0.987776,0.9687,0.987798,0.987776,0.987776,0.987776,
2.26,0.988089,0.967926,0.988114,0.988089,0.988089,0.988089,
2.27,0.988396,0.967089,0.988424,0.988396,0.988396,0.988396,
2.28,0.988696,0.966187,0.988726,0.988696,0.988696,0.988696,
2.29,0.988989,0.965215,0.989023,0.988989,0.988989,0.988989,
2.3,0.989276,0.964172,0.989313,0.989276,0.989276,0.989276,
2.31,0.989556,0.963056,0.989596,0.989556,0.989556,0.989556,
2.32,0.98983,0.961862,0.989874,0.98983,0.98983,0.98983,
2.33,0.990097,0.960587,0.990146,0.990097,0.990097,0.990097,
2.34,0.990358,0.95923,0.990412,0.990358,0.990358,0.990358,
2.35,0.990613,0.957785,0.990673,0.990613,0.990613,0.990613,
2.36,0.990863,0.95625,0.990928,0.990863,0.990863,0.990863,
2.37,0.991106,0.954621,0.991178,0.991106,0.991106,0.991106,
2.38,0.991344,0.952893,0.991423,0.991344,0.991344,0.991344,
2.39,0.991576,0.951064,0.991663,0.991576,0.991576,0.991576,
2.4,0.991802,0.949129,0.991899,0.991802,0.991802,0.991802,
2.41,0.992024,0.947084,0.99213,0.992024,0.992024,0.992024,
2.42,0.99224,0.944924,0.992356,0.99224,0.99224,0.99224,
2.43,0.992451,0.942644,0.992578,0.992451,0.992451,0.992451,
2.44,0.992656,0.94024,0.992796,0.992656,0.992656,0.992656,
2.45,0.992857,0.937706,0.993011,0.992857,0.992857,0.992857,
2.46,0.993053,0.935038,0.993222,0.993053,0.993053,0.993053,
2.47,0.993244,0.93223,0.993429,0.993244,0.993244,0.993244,
2.48,0.993431,0.929276,0.993633,0.993431,0.993431,0.993431,
2.49,0.993613,0.92617,0.993834,0.993613,0.993613,0.993613,
2.5,0.99379,0.922906,0.994033,0.99379,0.99379,0.99379,
2.51,0.993963,0.919479,0.994229,0.993963,0.993963,0.993963,
2.52,0.994132,0.91588,0.994423,0.994132,0.994132,0.994132,
2.53,0.994297,0.912105,0.994614,0.994297,0.994297,0.994297,
2.54,0.994457,0.908144,0.994805,0.994457,0.994457,0.994457,
2.55,0.994614,0.903992,0.994993,0.994614,0.994614,0.994614,
2.56,0.994766,0.89964,0.995181,0.994766,0.994766,0.994766,
2.57,0.994915,0.89508,0.995368,0.994915,0.994915,0.994915,
2.58,0.99506,0.890305,0.995554,0.99506,0.99506,0.99506,
2.59,0.995201,0.885306,0.995741,0.995201,0.995201,0.995201,
2.6,0.995339,0.880073,0.995927,0.995338,0.995339,0.995339,
2.61,0.995473,0.874598,0.996115,0.995472,0.995473,0.995473,
2.62,0.995604,0.868872,0.996303,0.995603,0.995604,0.995604,
2.63,0.995731,0.862884,0.996493,0.99573,0.995731,0.995731,
2.64,0.995855,0.856625,0.996685,0.995854,0.995855,0.995855,
2.65,0.995975,0.850083,0.99688,0.995975,0.995975,0.995975,
2.66,0.996093,0.843248,0.997078,0.996092,0.996093,0.996093,
2.67,0.996207,0.836109,0.997279,0.996207,0.996207,0.996207,
2.68,0.996319,0.828654,0.997485,0.996318,0.996319,0.996319,
2.69,0.996427,0.820871,0.997695,0.996426,0.996427,0.996427,
2.7,0.996533,0.812747,0.997912,0.996532,0.996533,0.996533,
2.71,0.996636,0.80427,0.998134,0.996634,0.996636,0.996636,
2.72,0.996736,0.795426,0.998364,0.996734,0.996736,0.996736,
2.73,0.996833,0.786201,0.998602,0.996831,0.996833,0.996833,
2.74,0.996928,0.776581,0.998849,0.996926,0.996928,0.996928,
2.75,0.99702,0.766552,0.999105,0.997018,0.99702,0.99702,
2.76,0.99711,0.756097,0.999373,0.997107,0.99711,0.99711,
2.77,0.997197,0.745201,0.999652,0.997194,0.997197,0.997197,
2.78,0.997282,0.733848,0.999945,0.997279,0.997282,0.997282,
2.79,0.997365,0.72202,1.00025,0.997361,0.997365,0.997365,
2.8,0.997445,0.709701,1.00057,0.997441,0.997445,0.997445,
2.81,0.997523,0.696873,1.00091,0.997518,0.997523,0.997523,
2.82,0.997599,0.683515,1.00127,0.997594,0.997599,0.997599,
2.83,0.997673,0.669611,1.00165,0.997667,0.997673,0.997673,
2.84,0.997744,0.655139,1.00205,0.997738,0.997744,0.997744,
2.85,0.997814,0.640079,1.00248,0.997807,0.997814,0.997814,
2.86,0.997882,0.62441,1.00293,0.997874,0.997882,0.997882,
2.87,0.997948,0.60811,1.0034,0.997938,0.997948,0.997948,
2.88,0.998012,0.591156,1.00391,0.998001,0.998012,0.998012,
2.89,0.998074,0.573526,1.00445,0.998062,0.998074,0.998074,
2.9,0.998134,0.555195,1.00503,0.998121,0.998134,0.998134,
2.91,0.998193,0.536138,1.00564,0.998178,0.998193,0.998193,
2.92,0.99825,0.516331,1.0063,0.998234,0.99825,0.99825,
2.93,0.998305,0.495745,1.007,0.998287,0.998305,0.998305,
2.94,0.998359,0.474355,1.00774,0.998339,0.998359,0.998359,
2.95,0.998411,0.452132,1.00854,0.998389,0.998411,0.998411,
2.96,0.998462,0.429048,1.00939,0.998437,0.998462,0.998462,
2.97,0.998511,0.405072,1.0103,0.998483,0.998511,0.998511,
2.98,0.998559,0.380173,1.01127,0.998527,0.998559,0.998559,
2.99,0.998605,0.354321,1.01231,0.99857,0.998605,0.998605,
3,0.99865,0.327483,1.01343,0.998611,0.99865,0.99865,
