x,Erfc,TS30,DTS (Fitted)
-4,3.16712e-05,3.16472e-05,4.91935e-05,
-3.99,3.30366e-05,3.30162e-05,4.83992e-05,
-3.98,3.44576e-05,3.44402e-05,4.79222e-05,
-3.97,3.59363e-05,3.59215e-05,4.77334e-05,
-3.96,3.74749e-05,3.74623e-05,4.78075e-05,
-3.95,3.90756e-05,3.90649e-05,4.81225e-05,
-3.94,4.07408e-05,4.07318e-05,4.86593e-05,
-3.93,4.24729e-05,4.24653e-05,4.94014e-05,
-3.92,4.42745e-05,4.42681e-05,2.31368e-05,
-3.91,4.61481e-05,4.61427e-05,2.7571e-05,
-3.9,4.80963e-05,4.80918e-05,3.17751e-05,
-3.89,5.01221e-05,5.01183e-05,3.57877e-05,
-3.88,5.22282e-05,5.22251e-05,3.9643e-05,
-3.87,5.44177e-05,5.44151e-05,4.3372e-05,
-3.86,5.66935e-05,5.66914e-05,4.70023e-05,
-3.85,5.90589e-05,5.90572e-05,5.05591e-05,
-3.84,6.15172e-05,6.15158e-05,5.40648e-05,
-3.83,6.40716e-05,6.40705e-05,5.754e-05,
-3.82,6.67258e-05,6.6725e-05,8.69684e-05,
-3.81,6.94834e-05,6.94827e-05,8.73068e-05,
-3.8,7.2348e-05,7.23476e-05,8.8036e-05,
-3.79,7.53236e-05,7.53233e-05,8.91274e-05,
-3.78,7.84142e-05,7.8414e-05,9.05558e-05,
-3.77,8.16238e-05,8.16237e-05,9.22998e-05,
-3.76,8.49567e-05,8.49567e-05,9.43407e-05,
-3.75,8.84173e-05,8.84174e-05,9.66629e-05,
-3.74,9.20101e-05,9.20103e-05,9.92528e-05,
-3.73,9.57399e-05,9.57401e-05,0.000102099,
-3.72,9.96114e-05,9.96116e-05,0.000105194,
-3.71,0.00010363,0.00010363,8.59748e-05,
-3.7,0.0001078,0.0001078,9.223e-05,
-3.69,0.000112127,0.000112127,9.84009e-05,
-3.68,0.000116617,0.000116617,0.00010452,
-3.67,0.000121275,0.000121276,0.000110618,
-3.66,0.000126108,0.000126108,0.000116723,
-3.65,0.00013112,0.000131121,0.000122858,
-3.64,0.000136319,0.000136319,0.000129048,
-3.63,0.000141711,0.000141711,0.000135314,
-3.62,0.000147302,0.000147302,0.000141676,
-3.61,0.000153099,0.000153099,0.000171173,
-3.6,0.000159109,0.000159109,0.000175081,
-3.59,0.000165339,0.000165339,0.000179449,
-3.58,0.000171797,0.000171798,0.000184258,
-3.57,0.000178491,0.000178491,0.000189491,
-3.56,0.000185427,0.000185428,0.000195135,
-3.55,0.000192616,0.000192616,0.000201179,
-3.54,0.000200064,0.000200064,0.000207615,
-3.53,0.00020778,0.00020778,0.000214437,
-3.52,0.000215773,0.000215774,0.000221639,
-3.51,0.000224053,0.000224054,0.000229221,
-3.5,0.000232629,0.00023263,0.000215681,
-3.49,0.00024151,0.000241511,0.000226506,
-3.48,0.000250707,0.000250707,0.000237428,
-3.47,0.000260229,0.00026023,0.000248482,
-3.46,0.000270088,0.000270088,0.000259699,
-3.45,0.000280293,0.000280294,0.000271109,
-3.44,0.000290857,0.000290858,0.000282741,
-3.43,0.000301791,0.000301791,0.000294621,
-3.42,0.000313106,0.000313106,0.000306774,
-3.41,0.000324814,0.000324815,0.000319226,
-3.4,0.000336929,0.00033693,0.000331998,
-3.39,0.000349463,0.000349464,0.000365986,
-3.38,0.000362429,0.00036243,0.000377086,
-3.37,0.000375841,0.000375841,0.000388837,
-3.36,0.000389712,0.000389713,0.000401232,
-3.35,0.000404058,0.000404058,0.000414265,
-3.34,0.000418892,0.000418892,0.000427933,
-3.33,0.00043423,0.00043423,0.000442235,
-3.32,0.000450087,0.000450088,0.000457172,
-3.31,0.00046648,0.00046648,0.000472748,
-3.3,0.000483424,0.000483425,0.000488968,
-3.29,0.000500937,0.000500937,0.000505838,
-3.28,0.000519035,0.000519036,0.000523367,
-3.27,0.000537737,0.000537738,0.000522834,
-3.26,0.000557061,0.000557062,0.000543819,
-3.25,0.000577025,0.000577026,0.000565263,
-3.24,0.000597648,0.000597649,0.000587206,
-3.23,0.000618951,0.000618952,0.000609683,
-3.22,0.000640953,0.000640953,0.00063273,
-3.21,0.000663675,0.000663675,0.000656382,
-3.2,0.000687138,0.000687138,0.000680673,
-3.19,0.000711364,0.000711364,0.000705635,
-3.18,0.000736375,0.000736376,0.0007313,
-3.17,0.000762195,0.000762195,0.000757701,
-3.16,0.000788846,0.000788846,0.000804649,
-3.15,0.000816352,0.000816353,0.000830425,
-3.14,0.000844739,0.00084474,0.000857266,
-3.13,0.000874032,0.000874032,0.000885178,
-3.12,0.000904255,0.000904256,0.00091417,
-3.11,0.000935437,0.000935437,0.000944252,
-3.1,0.000967603,0.000967604,0.000975438,
-3.09,0.00100078,0.00100078,0.00100774,
-3.08,0.001035,0.001035,0.00104119,
-3.07,0.00107029,0.00107029,0.00107578,
-3.06,0.00110668,0.00110669,0.00111156,
-3.05,0.00114421,0.00114421,0.00114853,
-3.04,0.00118289,0.00118289,0.00116728,
-3.03,0.00122277,0.00122277,0.00120884,
-3.02,0.00126387,0.00126387,0.00125145,
-3.01,0.00130624,0.00130624,0.00129516,
-3,0.0013499,0.0013499,0.00134002,
-2.99,0.00139489,0.00139489,0.00138609,
-2.98,0.00144124,0.00144124,0.00143341,
-2.97,0.001489,0.001489,0.00148203,
-2.96,0.0015382,0.0015382,0.00153199,
-2.95,0.00158887,0.00158887,0.00158335,
-2.94,0.00164106,0.00164106,0.00163616,
-2.93,0.00169481,0.00169481,0.00169045,
-2.92,0.00175016,0.00175016,0.00174628,
-2.91,0.00180714,0.00180714,0.00182164,
-2.9,0.00186581,0.00186581,0.00187877,
-2.89,0.00192621,0.00192621,0.00193779,
-2.88,0.00198838,0.00198838,0.00199872,
-2.87,0.00205236,0.00205236,0.00206159,
-2.86,0.00211821,0.00211821,0.00212644,
-2.85,0.00218596,0.00218596,0.00219331,
-2.84,0.00225568,0.00225568,0.00226223,
-2.83,0.0023274,0.0023274,0.00233324,
-2.82,0.00240118,0.00240118,0.00240639,
-2.81,0.00247707,0.00247708,0.00248171,
-2.8,0.00255513,0.00255513,0.00255925,
-2.79,0.0026354,0.0026354,0.00263907,
-2.78,0.00271794,0.00271795,0.00270371,
-2.77,0.00280281,0.00280282,0.00279007,
-2.76,0.00289007,0.00289007,0.00287866,
-2.75,0.00297976,0.00297976,0.00296955,
-2.74,0.00307196,0.00307196,0.00306283,
-2.73,0.00316672,0.00316672,0.00315855,
-2.72,0.0032641,0.0032641,0.0032568,
-2.71,0.00336416,0.00336416,0.00335764,
-2.7,0.00346697,0.00346697,0.00346115,
-2.69,0.0035726,0.0035726,0.00356741,
-2.68,0.00368111,0.00368111,0.00367647,
-2.67,0.00379256,0.00379256,0.00378843,
-2.66,0.00390703,0.00390703,0.00390335,
-2.65,0.00402459,0.00402459,0.00403941,
-2.64,0.0041453,0.0041453,0.0041586,
-2.63,0.00426924,0.00426924,0.00428118,
-2.62,0.00439649,0.00439649,0.00440719,
-2.61,0.00452711,0.00452711,0.0045367,
-2.6,0.00466119,0.00466119,0.00466978,
-2.59,0.0047988,0.0047988,0.00480649,
-2.58,0.00494002,0.00494002,0.0049469,
-2.57,0.00508493,0.00508493,0.00509109,
-2.56,0.00523361,0.00523361,0.00523912,
-2.55,0.00538615,0.00538615,0.00539107,
-2.54,0.00554262,0.00554262,0.00554702,
-2.53,0.00570313,0.00570313,0.00570706,
-2.52,0.00586774,0.00586774,0.00585131,
-2.51,0.00603656,0.00603656,0.00602178,
-2.5,0.00620967,0.00620967,0.00619638,
-2.49,0.00638715,0.00638716,0.00637521,
-2.48,0.00656912,0.00656912,0.00655839,
-2.47,0.00675565,0.00675565,0.00674602,
-2.46,0.00694685,0.00694685,0.00693821,
-2.45,0.00714281,0.00714281,0.00713506,
-2.44,0.00734363,0.00734363,0.00733668,
-2.43,0.00754941,0.00754941,0.00754318,
-2.42,0.00776025,0.00776025,0.00775467,
-2.41,0.00797626,0.00797626,0.00797126,
-2.4,0.00819754,0.00819754,0.00819306,
-2.39,0.00842419,0.00842419,0.00842018,
-2.38,0.00865632,0.00865632,0.00867386,
-2.37,0.00889404,0.00889404,0.00890985,
-2.36,0.00913747,0.00913747,0.00915171,
-2.35,0.00938671,0.00938671,0.00939953,
-2.34,0.00964187,0.00964187,0.00965342,
-2.33,0.00990308,0.00990308,0.00991347,
-2.32,0.0101704,0.0101704,0.0101798,
-2.31,0.0104441,0.0104441,0.0104525,
-2.3,0.0107241,0.0107241,0.0107317,
-2.29,0.0110107,0.0110107,0.0110174,
-2.28,0.0113038,0.0113038,0.0113099,
-2.27,0.0116038,0.0116038,0.0116092,
-2.26,0.0119106,0.0119106,0.0119155,
-2.25,0.0122245,0.0122245,0.0122289,
-2.24,0.0125455,0.0125455,0.0125494,
-2.23,0.0128737,0.0128737,0.0128555,
-2.22,0.0132094,0.0132094,0.0131929,
-2.21,0.0135526,0.0135526,0.0135377,
-2.2,0.0139034,0.0139034,0.01389,
-2.19,0.0142621,0.0142621,0.01425,
-2.18,0.0146287,0.0146287,0.0146178,
-2.17,0.0150034,0.0150034,0.0149936,
-2.16,0.0153863,0.0153863,0.0153775,
-2.15,0.0157776,0.0157776,0.0157696,
-2.14,0.0161774,0.0161774,0.0161702,
-2.13,0.0165858,0.0165858,0.0165794,
-2.12,0.017003,0.017003,0.0169972,
-2.11,0.0174292,0.0174292,0.017424,
-2.1,0.0178644,0.0178644,0.0178598,
-2.09,0.0183089,0.0183089,0.0183047,
-2.08,0.0187628,0.0187628,0.0187834,
-2.07,0.0192262,0.0192262,0.0192449,
-2.06,0.0196993,0.0196993,0.0197162,
-2.05,0.0201822,0.0201822,0.0201975,
-2.04,0.0206752,0.0206752,0.020689,
-2.03,0.0211783,0.0211783,0.0211908,
-2.02,0.0216917,0.0216917,0.021703,
-2.01,0.0222156,0.0222156,0.0222258,
-2,0.0227501,0.0227501,0.0227593,
-1.99,0.0232955,0.0232955,0.0233037,
-1.98,0.0238518,0.0238518,0.0238592,
-1.97,0.0244192,0.0244192,0.0244259,
-1.96,0.0249979,0.0249979,0.0250039,
-1.95,0.0255881,0.0255881,0.0255935,
-1.94,0.0261898,0.0261898,0.0261947,
-1.93,0.0268034,0.0268034,0.0268078,
-1.92,0.0274289,0.027429,0.0274056,
-1.91,0.0280666,0.0280666,0.0280454,
-1.9,0.0287166,0.0287166,0.0286974,
-1.89,0.029379,0.029379,0.0293616,
-1.88,0.030054,0.030054,0.0300383,
-1.87,0.0307419,0.0307419,0.0307277,
-1.86,0.0314428,0.0314428,0.0314299,
-1.85,0.0321568,0.0321568,0.0321451,
-1.84,0.0328841,0.0328841,0.0328736,
-1.83,0.033625,0.033625,0.0336155,
-1.82,0.0343795,0.0343795,0.0343709,
-1.81,0.0351479,0.0351479,0.0351402,
-1.8,0.0359303,0.0359303,0.0359233,
-1.79,0.036727,0.036727,0.0367207,
-1.78,0.037538,0.037538,0.0375323,
-1.77,0.0383636,0.0383636,0.0383585,
-1.76,0.0392039,0.0392039,0.0391993,
-1.75,0.0400592,0.0400592,0.0400858,
-1.74,0.0409295,0.0409295,0.0409537,
-1.73,0.0418151,0.0418151,0.0418371,
-1.72,0.0427162,0.0427162,0.0427362,
-1.71,0.0436329,0.0436329,0.0436511,
-1.7,0.0445655,0.0445655,0.0445819,
-1.69,0.045514,0.045514,0.0455289,
-1.68,0.0464787,0.0464787,0.0464921,
-1.67,0.0474597,0.0474597,0.0474719,
-1.66,0.0484572,0.0484572,0.0484682,
-1.65,0.0494715,0.0494715,0.0494814,
-1.64,0.0505026,0.0505026,0.0505116,
-1.63,0.0515507,0.0515507,0.0515589,
-1.62,0.0526161,0.0526161,0.0526235,
-1.61,0.0536989,0.0536989,0.0537055,
-1.6,0.0547993,0.0547993,0.0548052,
-1.59,0.0559174,0.0559174,0.0559228,
-1.58,0.0570534,0.0570534,0.0570189,
-1.57,0.0582076,0.0582076,0.0581761,
-1.56,0.0593799,0.0593799,0.0593513,
-1.55,0.0605708,0.0605708,0.0605447,
-1.54,0.0617802,0.0617802,0.0617565,
-1.53,0.0630084,0.0630084,0.0629869,
-1.52,0.0642555,0.0642555,0.064236,
-1.51,0.0655217,0.0655217,0.065504,
-1.5,0.0668072,0.0668072,0.0667912,
-1.49,0.0681121,0.0681121,0.0680976,
-1.48,0.0694366,0.0694366,0.0694235,
-1.47,0.0707809,0.0707809,0.070769,
-1.46,0.072145,0.072145,0.0721343,
-1.45,0.0735293,0.0735293,0.0735195,
-1.44,0.0749337,0.0749337,0.0749249,
-1.43,0.0763585,0.0763585,0.0763506,
-1.42,0.0778038,0.0778038,0.0777967,
-1.41,0.0792698,0.0792698,0.0792634,
-1.4,0.0807567,0.0807567,0.0807509,
-1.39,0.0822644,0.0822644,0.0823074,
-1.38,0.0837933,0.0837933,0.0838325,
-1.37,0.0853435,0.0853435,0.0853791,
-1.36,0.086915,0.086915,0.0869475,
-1.35,0.088508,0.088508,0.0885376,
-1.34,0.0901227,0.0901227,0.0901496,
-1.33,0.0917591,0.0917591,0.0917836,
-1.32,0.0934175,0.0934175,0.0934397,
-1.31,0.0950979,0.0950979,0.095118,
-1.3,0.0968005,0.0968005,0.0968187,
-1.29,0.0985253,0.0985253,0.0985419,
-1.28,0.100273,0.100273,0.100288,
-1.27,0.102042,0.102042,0.102056,
-1.26,0.103835,0.103835,0.103847,
-1.25,0.10565,0.10565,0.105661,
-1.24,0.107488,0.107488,0.107498,
-1.23,0.109349,0.109349,0.109358,
-1.22,0.111232,0.111232,0.111241,
-1.21,0.113139,0.113139,0.113147,
-1.2,0.11507,0.11507,0.115076,
-1.19,0.117023,0.117023,0.117029,
-1.18,0.119,0.119,0.118947,
-1.17,0.121,0.121,0.120952,
-1.16,0.123024,0.123024,0.12298,
-1.15,0.125072,0.125072,0.125032,
-1.14,0.127143,0.127143,0.127107,
-1.13,0.129238,0.129238,0.129205,
-1.12,0.131357,0.131357,0.131327,
-1.11,0.1335,0.1335,0.133472,
-1.1,0.135666,0.135666,0.135641,
-1.09,0.137857,0.137857,0.137834,
-1.08,0.140071,0.140071,0.140051,
-1.07,0.14231,0.14231,0.142291,
-1.06,0.144572,0.144572,0.144556,
-1.05,0.146859,0.146859,0.146844,
-1.04,0.14917,0.14917,0.149156,
-1.03,0.151505,0.151505,0.151493,
-1.02,0.153864,0.153864,0.153853,
-1.01,0.156248,0.156248,0.156238,
-1,0.158655,0.158655,0.158646,
-0.99,0.161087,0.161087,0.161079,
-0.98,0.163543,0.163543,0.163536,
-0.97,0.166023,0.166023,0.166017,
-0.96,0.168528,0.168528,0.168602,
-0.95,0.171056,0.171056,0.171124,
-0.94,0.173609,0.173609,0.17367,
-0.93,0.176186,0.176186,0.176242,
-0.92,0.178786,0.178786,0.178837,
-0.91,0.181411,0.181411,0.181457,
-0.9,0.18406,0.18406,0.184102,
-0.89,0.186733,0.186733,0.186771,
-0.88,0.18943,0.18943,0.189464,
-0.87,0.19215,0.19215,0.192181,
-0.86,0.194895,0.194895,0.194923,
-0.85,0.197663,0.197663,0.197688,
-0.84,0.200454,0.200454,0.200477,
-0.83,0.203269,0.203269,0.20329,
-0.82,0.206108,0.206108,0.206126,
-0.81,0.20897,0.20897,0.208987,
-0.8,0.211855,0.211855,0.21187,
-0.79,0.214764,0.214764,0.214777,
-0.78,0.217695,0.217695,0.217707,
-0.77,0.22065,0.22065,0.22066,
-0.76,0.223627,0.223627,0.223637,
-0.75,0.226627,0.226627,0.226636,
-0.74,0.22965,0.22965,0.229657,
-0.73,0.232695,0.232695,0.232702,
-0.72,0.235762,0.235762,0.235649,
-0.71,0.238852,0.238852,0.238749,
-0.7,0.241964,0.241964,0.24187,
-0.69,0.245097,0.245097,0.245013,
-0.68,0.248252,0.248252,0.248176,
-0.67,0.251429,0.251429,0.25136,
-0.66,0.254627,0.254627,0.254565,
-0.65,0.257846,0.257846,0.25779,
-0.64,0.261086,0.261086,0.261036,
-0.63,0.264347,0.264347,0.264302,
-0.62,0.267629,0.267629,0.267589,
-0.61,0.270931,0.270931,0.270895,
-0.6,0.274253,0.274253,0.274221,
-0.59,0.277595,0.277595,0.277567,
-0.58,0.280957,0.280957,0.280932,
-0.57,0.284339,0.284339,0.284316,
-0.56,0.28774,0.28774,0.28772,
-0.55,0.29116,0.29116,0.291142,
-0.54,0.294599,0.294599,0.294583,
-0.53,0.298056,0.298056,0.298042,
-0.52,0.301532,0.301532,0.30152,
-0.51,0.305026,0.305026,0.305015,
-0.5,0.308538,0.308538,0.308528,
-0.49,0.312067,0.312067,0.312059,
-0.48,0.315614,0.315614,0.315607,
-0.47,0.319178,0.319178,0.319172,
-0.46,0.322758,0.322758,0.322753,
-0.45,0.326355,0.326355,0.326351,
-0.44,0.329969,0.329969,0.330129,
-0.43,0.333598,0.333598,0.333741,
-0.42,0.337243,0.337243,0.33737,
-0.41,0.340903,0.340903,0.341016,
-0.4,0.344578,0.344578,0.344678,
-0.39,0.348268,0.348268,0.348357,
-0.38,0.351973,0.351973,0.35205,
-0.37,0.355691,0.355691,0.355759,
-0.36,0.359424,0.359424,0.359483,
-0.35,0.363169,0.363169,0.363221,
-0.34,0.366928,0.366928,0.366973,
-0.33,0.3707,0.3707,0.370739,
-0.32,0.374484,0.374484,0.374517,
-0.31,0.37828,0.37828,0.378309,
-0.3,0.382089,0.382089,0.382113,
-0.29,0.385908,0.385908,0.385928,
-0.28,0.389739,0.389739,0.389756,
-0.27,0.39358,0.39358,0.393594,
-0.26,0.397432,0.397432,0.397444,
-0.25,0.401294,0.401294,0.401303,
-0.24,0.405165,0.405165,0.405173,
-0.23,0.409046,0.409046,0.409052,
-0.22,0.412936,0.412936,0.412941,
-0.21,0.416834,0.416834,0.416838,
-0.2,0.42074,0.42074,0.420743,
-0.19,0.424655,0.424655,0.424657,
-0.18,0.428576,0.428576,0.428578,
-0.17,0.432505,0.432505,0.432506,
-0.16,0.436441,0.436441,0.436442,
-0.15,0.440382,0.440382,0.440383,
-0.14,0.44433,0.44433,0.444331,
-0.13,0.448283,0.448283,0.448284,
-0.12,0.452242,0.452242,0.452242,
-0.11,0.456205,0.456205,0.456116,
-0.1,0.460172,0.460172,0.460106,
-0.09,0.464144,0.464144,0.464095,
-0.08,0.468119,0.468119,0.468085,
-0.07,0.472097,0.472097,0.472074,
-0.06,0.476078,0.476078,0.476063,
-0.05,0.480061,0.480061,0.480053,
-0.04,0.484047,0.484047,0.484042,
-0.03,0.488034,0.488034,0.488032,
-0.02,0.492022,0.492022,0.492021,
-0.01,0.496011,0.496011,0.496011,
-4.09915e-14,0.5,0.5,0.5,
0.01,0.503989,0.503989,0.503989,
0.02,0.507978,0.507978,0.507979,
0.03,0.511966,0.511966,0.511968,
0.04,0.515953,0.515953,0.515958,
0.05,0.519939,0.519939,0.519947,
0.06,0.523922,0.523922,0.523937,
0.07,0.527903,0.527903,0.527926,
0.08,0.531881,0.531881,0.531915,
0.09,0.535856,0.535856,0.535905,
0.1,0.539828,0.539828,0.539894,
0.11,0.543795,0.543795,0.543884,
0.12,0.547758,0.547758,0.547758,
0.13,0.551717,0.551717,0.551716,
0.14,0.55567,0.55567,0.555669,
0.15,0.559618,0.559618,0.559617,
0.16,0.563559,0.563559,0.563558,
0.17,0.567495,0.567495,0.567494,
0.18,0.571424,0.571424,0.571422,
0.19,0.575345,0.575345,0.575343,
0.2,0.57926,0.57926,0.579257,
0.21,0.583166,0.583166,0.583162,
0.22,0.587064,0.587064,0.587059,
0.23,0.590954,0.590954,0.590948,
0.24,0.594835,0.594835,0.594827,
0.25,0.598706,0.598706,0.598697,
0.26,0.602568,0.602568,0.602556,
0.27,0.60642,0.60642,0.606406,
0.28,0.610261,0.610261,0.610244,
0.29,0.614092,0.614092,0.614072,
0.3,0.617911,0.617911,0.617887,
0.31,0.62172,0.62172,0.621691,
0.32,0.625516,0.625516,0.625483,
0.33,0.6293,0.6293,0.629261,
0.34,0.633072,0.633072,0.633027,
0.35,0.636831,0.636831,0.636779,
0.36,0.640576,0.640576,0.640517,
0.37,0.644309,0.644309,0.644241,
0.38,0.648027,0.648027,0.64795,
0.39,0.651732,0.651732,0.651643,
0.4,0.655422,0.655422,0.655322,
0.41,0.659097,0.659097,0.658984,
0.42,0.662757,0.662757,0.66263,
0.43,0.666402,0.666402,0.666259,
0.44,0.670031,0.670031,0.669871,
0.45,0.673645,0.673645,0.673649,
0.46,0.677242,0.677242,0.677247,
0.47,0.680822,0.680822,0.680828,
0.48,0.684386,0.684386,0.684393,
0.49,0.687933,0.687933,0.687941,
0.5,0.691462,0.691462,0.691472,
0.51,0.694974,0.694974,0.694985,
0.52,0.698468,0.698468,0.69848,
0.53,0.701944,0.701944,0.701958,
0.54,0.705401,0.705401,0.705417,
0.55,0.70884,0.70884,0.708858,
0.56,0.71226,0.71226,0.71228,
0.57,0.715661,0.715661,0.715684,
0.58,0.719043,0.719043,0.719068,
0.59,0.722405,0.722405,0.722433,
0.6,0.725747,0.725747,0.725779,
0.61,0.729069,0.729069,0.729105,
0.62,0.732371,0.732371,0.732411,
0.63,0.735653,0.735653,0.735698,
0.64,0.738914,0.738914,0.738964,
0.65,0.742154,0.742154,0.74221,
0.66,0.745373,0.745373,0.745435,
0.67,0.748571,0.748571,0.74864,
0.68,0.751748,0.751748,0.751824,
0.69,0.754903,0.754903,0.754987,
0.7,0.758036,0.758036,0.75813,
0.71,0.761148,0.761148,0.761251,
0.72,0.764238,0.764238,0.764351,
0.73,0.767305,0.767305,0.767298,
0.74,0.77035,0.77035,0.770343,
0.75,0.773373,0.773373,0.773364,
0.76,0.776373,0.776373,0.776363,
0.77,0.77935,0.77935,0.77934,
0.78,0.782305,0.782305,0.782293,
0.79,0.785236,0.785236,0.785223,
0.8,0.788145,0.788145,0.78813,
0.81,0.79103,0.79103,0.791013,
0.82,0.793892,0.793892,0.793874,
0.83,0.796731,0.796731,0.79671,
0.84,0.799546,0.799546,0.799523,
0.85,0.802337,0.802337,0.802312,
0.86,0.805105,0.805105,0.805077,
0.87,0.80785,0.80785,0.807819,
0.88,0.81057,0.81057,0.810536,
0.89,0.813267,0.813267,0.813229,
0.9,0.81594,0.81594,0.815898,
0.91,0.818589,0.818589,0.818543,
0.92,0.821214,0.821214,0.821163,
0.93,0.823814,0.823814,0.823758,
0.94,0.826391,0.826391,0.82633,
0.95,0.828944,0.828944,0.828876,
0.96,0.831472,0.831472,0.831398,
0.97,0.833977,0.833977,0.833983,
0.98,0.836457,0.836457,0.836464,
0.99,0.838913,0.838913,0.838921,
1,0.841345,0.841345,0.841354,
1.01,0.843752,0.843752,0.843762,
1.02,0.846136,0.846136,0.846147,
1.03,0.848495,0.848495,0.848507,
1.04,0.85083,0.85083,0.850844,
1.05,0.853141,0.853141,0.853156,
1.06,0.855428,0.855428,0.855444,
1.07,0.85769,0.85769,0.857709,
1.08,0.859929,0.859929,0.859949,
1.09,0.862143,0.862143,0.862166,
1.1,0.864334,0.864334,0.864359,
1.11,0.8665,0.8665,0.866528,
1.12,0.868643,0.868643,0.868673,
1.13,0.870762,0.870762,0.870795,
1.14,0.872857,0.872857,0.872893,
1.15,0.874928,0.874928,0.874968,
1.16,0.876976,0.876976,0.87702,
1.17,0.879,0.879,0.879048,
1.18,0.881,0.881,0.881053,
1.19,0.882977,0.882977,0.882971,
1.2,0.88493,0.88493,0.884924,
1.21,0.886861,0.886861,0.886853,
1.22,0.888768,0.888768,0.888759,
1.23,0.890651,0.890651,0.890642,
1.24,0.892512,0.892512,0.892502,
1.25,0.89435,0.89435,0.894339,
1.26,0.896165,0.896165,0.896153,
1.27,0.897958,0.897958,0.897944,
1.28,0.899727,0.899727,0.899712,
1.29,0.901475,0.901475,0.901458,
1.3,0.9032,0.9032,0.903181,
1.31,0.904902,0.904902,0.904882,
1.32,0.906582,0.906582,0.90656,
1.33,0.908241,0.908241,0.908216,
1.34,0.909877,0.909877,0.90985,
1.35,0.911492,0.911492,0.911462,
1.36,0.913085,0.913085,0.913053,
1.37,0.914657,0.914657,0.914621,
1.38,0.916207,0.916207,0.916168,
1.39,0.917736,0.917736,0.917693,
1.4,0.919243,0.919243,0.919249,
1.41,0.92073,0.92073,0.920737,
1.42,0.922196,0.922196,0.922203,
1.43,0.923641,0.923641,0.923649,
1.44,0.925066,0.925066,0.925075,
1.45,0.926471,0.926471,0.92648,
1.46,0.927855,0.927855,0.927866,
1.47,0.929219,0.929219,0.929231,
1.48,0.930563,0.930563,0.930577,
1.49,0.931888,0.931888,0.931902,
1.5,0.933193,0.933193,0.933209,
1.51,0.934478,0.934478,0.934496,
1.52,0.935745,0.935745,0.935764,
1.53,0.936992,0.936992,0.937013,
1.54,0.93822,0.93822,0.938243,
1.55,0.939429,0.939429,0.939455,
1.56,0.94062,0.94062,0.940649,
1.57,0.941792,0.941792,0.941824,
1.58,0.942947,0.942947,0.942981,
1.59,0.944083,0.944083,0.944077,
1.6,0.945201,0.945201,0.945195,
1.61,0.946301,0.946301,0.946294,
1.62,0.947384,0.947384,0.947377,
1.63,0.948449,0.948449,0.948441,
1.64,0.949497,0.949497,0.949488,
1.65,0.950529,0.950529,0.950519,
1.66,0.951543,0.951543,0.951532,
1.67,0.95254,0.95254,0.952528,
1.68,0.953521,0.953521,0.953508,
1.69,0.954486,0.954486,0.954471,
1.7,0.955435,0.955435,0.955418,
1.71,0.956367,0.956367,0.956349,
1.72,0.957284,0.957284,0.957264,
1.73,0.958185,0.958185,0.958163,
1.74,0.95907,0.95907,0.959046,
1.75,0.959941,0.959941,0.959914,
1.76,0.960796,0.960796,0.960801,
1.77,0.961636,0.961636,0.961642,
1.78,0.962462,0.962462,0.962468,
1.79,0.963273,0.963273,0.963279,
1.8,0.96407,0.96407,0.964077,
1.81,0.964852,0.964852,0.96486,
1.82,0.96562,0.96562,0.965629,
1.83,0.966375,0.966375,0.966385,
1.84,0.967116,0.967116,0.967126,
1.85,0.967843,0.967843,0.967855,
1.86,0.968557,0.968557,0.96857,
1.87,0.969258,0.969258,0.969272,
1.88,0.969946,0.969946,0.969962,
1.89,0.970621,0.970621,0.970638,
1.9,0.971283,0.971283,0.971303,
1.91,0.971933,0.971933,0.971955,
1.92,0.972571,0.972571,0.972594,
1.93,0.973197,0.973197,0.973192,
1.94,0.97381,0.97381,0.973805,
1.95,0.974412,0.974412,0.974407,
1.96,0.975002,0.975002,0.974996,
1.97,0.975581,0.975581,0.975574,
1.98,0.976148,0.976148,0.976141,
1.99,0.976705,0.976705,0.976696,
2,0.97725,0.97725,0.977241,
2.01,0.977784,0.977784,0.977774,
2.02,0.978308,0.978308,0.978297,
2.03,0.978822,0.978822,0.978809,
2.04,0.979325,0.979325,0.979311,
2.05,0.979818,0.979818,0.979802,
2.06,0.980301,0.980301,0.980284,
2.07,0.980774,0.980774,0.980755,
2.08,0.981237,0.981237,0.981217,
2.09,0.981691,0.981691,0.981695,
2.1,0.982136,0.982136,0.98214,
2.11,0.982571,0.982571,0.982576,
2.12,0.982997,0.982997,0.983003,
2.13,0.983414,0.983414,0.983421,
2.14,0.983823,0.983823,0.98383,
2.15,0.984222,0.984222,0.98423,
2.16,0.984614,0.984614,0.984623,
2.17,0.984997,0.984997,0.985006,
2.18,0.985371,0.985371,0.985382,
2.19,0.985738,0.985738,0.98575,
2.2,0.986097,0.986097,0.98611,
2.21,0.986447,0.986447,0.986462,
2.22,0.986791,0.986791,0.986807,
2.23,0.987126,0.987126,0.987145,
2.24,0.987455,0.987455,0.987451,
2.25,0.987776,0.987776,0.987771,
2.26,0.988089,0.988089,0.988084,
2.27,0.988396,0.988396,0.988391,
2.28,0.988696,0.988696,0.98869,
2.29,0.988989,0.988989,0.988983,
2.3,0.989276,0.989276,0.989268,
2.31,0.989556,0.989556,0.989548,
2.32,0.98983,0.98983,0.98982,
2.33,0.990097,0.990097,0.990087,
2.34,0.990358,0.990358,0.990347,
2.35,0.990613,0.990613,0.9906,
2.36,0.990863,0.990863,0.990848,
2.37,0.991106,0.991106,0.99109,
2.38,0.991344,0.991344,0.991326,
2.39,0.991576,0.991576,0.99158,
2.4,0.991802,0.991802,0.991807,
2.41,0.992024,0.992024,0.992029,
2.42,0.99224,0.99224,0.992245,
2.43,0.992451,0.992451,0.992457,
2.44,0.992656,0.992656,0.992663,
2.45,0.992857,0.992857,0.992865,
2.46,0.993053,0.993053,0.993062,
2.47,0.993244,0.993244,0.993254,
2.48,0.993431,0.993431,0.993442,
2.49,0.993613,0.993613,0.993625,
2.5,0.99379,0.99379,0.993804,
2.51,0.993963,0.993963,0.993978,
2.52,0.994132,0.994132,0.994149,
2.53,0.994297,0.994297,0.994293,
2.54,0.994457,0.994457,0.994453,
2.55,0.994614,0.994614,0.994609,
2.56,0.994766,0.994766,0.994761,
2.57,0.994915,0.994915,0.994909,
2.58,0.99506,0.99506,0.995053,
2.59,0.995201,0.995201,0.995194,
2.6,0.995339,0.995339,0.99533,
2.61,0.995473,0.995473,0.995463,
2.62,0.995604,0.995604,0.995593,
2.63,0.995731,0.995731,0.995719,
2.64,0.995855,0.995855,0.995841,
2.65,0.995975,0.995975,0.995961,
2.66,0.996093,0.996093,0.996097,
2.67,0.996207,0.996207,0.996212,
2.68,0.996319,0.996319,0.996324,
2.69,0.996427,0.996427,0.996433,
2.7,0.996533,0.996533,0.996539,
2.71,0.996636,0.996636,0.996642,
2.72,0.996736,0.996736,0.996743,
2.73,0.996833,0.996833,0.996841,
2.74,0.996928,0.996928,0.996937,
2.75,0.99702,0.99702,0.99703,
2.76,0.99711,0.99711,0.997121,
2.77,0.997197,0.997197,0.99721,
2.78,0.997282,0.997282,0.997296,
2.79,0.997365,0.997365,0.997361,
2.8,0.997445,0.997445,0.997441,
2.81,0.997523,0.997523,0.997518,
2.82,0.997599,0.997599,0.997594,
2.83,0.997673,0.997673,0.997667,
2.84,0.997744,0.997744,0.997738,
2.85,0.997814,0.997814,0.997807,
2.86,0.997882,0.997882,0.997874,
2.87,0.997948,0.997948,0.997938,
2.88,0.998012,0.998012,0.998001,
2.89,0.998074,0.998074,0.998062,
2.9,0.998134,0.998134,0.998121,
2.91,0.998193,0.998193,0.998178,
2.92,0.99825,0.99825,0.998254,
2.93,0.998305,0.998305,0.99831,
2.94,0.998359,0.998359,0.998364,
2.95,0.998411,0.998411,0.998417,
2.96,0.998462,0.998462,0.998468,
2.97,0.998511,0.998511,0.998518,
2.98,0.998559,0.998559,0.998567,
2.99,0.998605,0.998605,0.998614,
3,0.99865,0.99865,0.99866,
3.01,0.998694,0.998694,0.998705,
3.02,0.998736,0.998736,0.998749,
3.03,0.998777,0.998777,0.998791,
3.04,0.998817,0.998817,0.998833,
3.05,0.998856,0.998856,0.998851,
3.06,0.998893,0.998893,0.998888,
3.07,0.99893,0.99893,0.998924,
3.08,0.998965,0.998965,0.998959,
3.09,0.998999,0.998999,0.998992,
3.1,0.999032,0.999032,0.999025,
3.11,0.999065,0.999065,0.999056,
3.12,0.999096,0.999096,0.999086,
3.13,0.999126,0.999126,0.999115,
3.14,0.999155,0.999155,0.999143,
3.15,0.999184,0.999184,0.99917,
3.16,0.999211,0.999211,0.999195,
3.17,0.999238,0.999238,0.999242,
3.18,0.999264,0.999264,0.999269,
3.19,0.999289,0.999289,0.999294,
3.2,0.999313,0.999313,0.999319,
3.21,0.999336,0.999336,0.999344,
3.22,0.999359,0.999359,0.999367,
3.23,0.999381,0.999381,0.99939,
3.24,0.999402,0.999402,0.999413,
3.25,0.999423,0.999423,0.999435,
3.26,0.999443,0.999443,0.999456,
3.27,0.999462,0.999462,0.999477,
3.28,0.999481,0.999481,0.999477,
3.29,0.999499,0.999499,0.999494,
3.3,0.999517,0.999517,0.999511,
3.31,0.999534,0.999534,0.999527,
3.32,0.99955,0.99955,0.999543,
3.33,0.999566,0.999566,0.999558,
3.34,0.999581,0.999581,0.999572,
3.35,0.999596,0.999596,0.999586,
3.36,0.99961,0.99961,0.999599,
3.37,0.999624,0.999624,0.999611,
3.38,0.999638,0.999638,0.999623,
3.39,0.999651,0.999651,0.999634,
3.4,0.999663,0.999663,0.999668,
3.41,0.999675,0.999675,0.999681,
3.42,0.999687,0.999687,0.999693,
3.43,0.999698,0.999698,0.999705,
3.44,0.999709,0.999709,0.999717,
3.45,0.99972,0.99972,0.999729,
3.46,0.99973,0.99973,0.99974,
3.47,0.99974,0.99974,0.999752,
3.48,0.999749,0.999749,0.999763,
3.49,0.999758,0.999758,0.999773,
3.5,0.999767,0.999767,0.999784,
3.51,0.999776,0.999776,0.999771,
3.52,0.999784,0.999784,0.999778,
3.53,0.999792,0.999792,0.999786,
3.54,0.9998,0.9998,0.999792,
3.55,0.999807,0.999807,0.999799,
3.56,0.999815,0.999815,0.999805,
3.57,0.999822,0.999822,0.999811,
3.58,0.999828,0.999828,0.999816,
3.59,0.999835,0.999835,0.999821,
3.6,0.999841,0.999841,0.999825,
3.61,0.999847,0.999847,0.999829,
3.62,0.999853,0.999853,0.999858,
3.63,0.999858,0.999858,0.999865,
3.64,0.999864,0.999864,0.999871,
3.65,0.999869,0.999869,0.999877,
3.66,0.999874,0.999874,0.999883,
3.67,0.999879,0.999879,0.999889,
3.68,0.999883,0.999883,0.999895,
3.69,0.999888,0.999888,0.999902,
3.7,0.999892,0.999892,0.999908,
3.71,0.999896,0.999896,0.999914,
3.72,0.9999,0.9999,0.999895,
3.73,0.999904,0.999904,0.999898,
3.74,0.999908,0.999908,0.999901,
3.75,0.999912,0.999912,0.999903,
3.76,0.999915,0.999915,0.999906,
3.77,0.999918,0.999918,0.999908,
3.78,0.999922,0.999922,0.999909,
3.79,0.999925,0.999925,0.999911,
3.8,0.999928,0.999928,0.999912,
3.81,0.999931,0.999931,0.999913,
3.82,0.999933,0.999933,0.999913,
3.83,0.999936,0.999936,0.999942,
3.84,0.999938,0.999938,0.999946,
3.85,0.999941,0.999941,0.999949,
3.86,0.999943,0.999943,0.999953,
3.87,0.999946,0.999946,0.999957,
3.88,0.999948,0.999948,0.99996,
3.89,0.99995,0.99995,0.999964,
3.9,0.999952,0.999952,0.999968,
3.91,0.999954,0.999954,0.999972,
3.92,0.999956,0.999956,0.999977,
3.93,0.999958,0.999958,0.999951,
3.94,0.999959,0.999959,0.999951,
3.95,0.999961,0.999961,0.999952,
3.96,0.999963,0.999963,0.999952,
3.97,0.999964,0.999964,0.999952,
3.98,0.999966,0.999966,0.999952,
3.99,0.999967,0.999967,0.999952,
4,0.999968,0.999968,0.999951,
